station_abbr;reference_timestamp;tre200m0;tre200mx;tre200mn;tre005m0;tre005mn;tre005mx;ure200m0;pva200m0;prestam0;pp0qffm0;ppz850m0;ppz700m0;pp0qnhm0;fkl010m0;fkl010m1;fu3010m0;fu3010m1;rre150m0;gre000m0;oli000m0;olo000m0;osr000m0;sre000m0;sremaxmv;erefaom0;xcd000m0;xno000m0;xno012m0;rreetsm0
VIS;01.01.1980 00:00;-1.9;8.6;-17.3;;;;78.3;4.3;;;;;;2.9;;11.9;;62.1;;;;;474;;;;678.4;;
VIS;01.02.1980 00:00;2.6;14.2;-5.9;;;;72.2;5.2;;;;;;2.4;;9.4;;111.9;;;;;7740;57;;;505.5;;
VIS;01.03.1980 00:00;4.3;15.2;-4.8;;;;69.9;5.7;;;;;;3.1;;13;;156.7;;;;;8724;47;;;488.1;;
VIS;01.04.1980 00:00;6.8;17.8;-4.3;;;;58.3;5.7;;;;;;5.4;;20.9;;8.3;;;;;12090;54;;;397.5;;
VIS;01.05.1980 00:00;11.7;23.2;1.5;;;;64.3;8.4;;;;;;3.6;;14;;21.5;;;;;10128;42;;;172.3;;
VIS;01.06.1980 00:00;14.7;29.6;3.3;;;;65.4;10.6;;;;;;4.4;;16.2;;69.4;;;;;10548;44;;;30.2;;
VIS;01.07.1980 00:00;16;29.4;5.6;;;;72.6;12.9;;;;;;3.5;;13;;51.5;;;;;11676;48;;;8.3;;
VIS;01.08.1980 00:00;18.4;31.6;4.8;;;;73.4;14.9;;;;;;3.3;;13.3;;27.3;;;;;14352;61;;;0;;
VIS;01.09.1980 00:00;14.7;26.5;2.7;;;;74;11.8;;;;;;2.5;;9.7;;18.9;;;;;15252;75;;;8.8;;
VIS;01.10.1980 00:00;7.3;21.2;-2.7;;;;85.1;8.6;;;;;;2.4;;9.4;;102.8;;;;;7224;46;;;372;;
VIS;01.11.1980 00:00;2.3;12.7;-6.3;;;;87.2;6.5;;;;;;2.2;;8.3;;15.1;;;;;1950;;;;529.8;;
VIS;01.12.1980 00:00;-3.1;7.5;-15.6;;;;86.8;4.4;;;;;;3.1;;11.2;;11.3;;;;;0;;;;717.1;;
VIS;01.01.1981 00:00;-4.1;6.7;-18.4;-5.8;-19.9;4.3;86.1;4;;;;;;3.8;21.9;13.7;78.8;59.9;36;;;;1071;62;;0;747.1;499.1;58.7
VIS;01.02.1981 00:00;-2.1;7.3;-15.9;-3.1;-17.3;7.6;78.5;4.1;;;;;;2.1;18.4;7.6;66.2;3;104;;;;7912;66;;0;619.5;395.5;-6.2
VIS;01.03.1981 00:00;6.5;22.1;-2.9;6.2;-5.3;25.7;74.9;7.2;;;;;;3.1;18.5;11.2;66.6;197.3;130;;;;7670;40;;0;403.4;171.4;151.2
VIS;01.04.1981 00:00;10.3;23.4;-4.3;9.9;-8.2;26;64;7.7;;;;;;3;16.2;10.8;58.3;33.3;214;;;;12995;58;;0;219.5;67.5;-27.7
VIS;01.05.1981 00:00;12.4;27.1;1.5;13.1;-1.5;32.2;63.4;8.7;;;;;;3.9;18.1;14;65.2;86.7;226;;;;10739;44;;0.6;138.8;34.8;-6.2
VIS;01.06.1981 00:00;16.2;30.7;2.8;16.9;1.7;35.3;63.2;11.2;;;;;;3.4;18.5;12.2;66.6;39.3;254;;;;13406;56;;15.2;25.8;1.8;-76.6
VIS;01.07.1981 00:00;16.4;29.8;6.3;17.3;5.7;35.1;67.6;12.1;;;;;;3.6;24.3;13;87.5;62.6;224;;;;12009;49;;9.8;21.2;5.2;-43
VIS;01.08.1981 00:00;18;32.3;3.6;18.3;2.4;34.4;63.3;12.3;;;;;;2.6;22.4;9.4;80.6;8.1;238;;;;17335;74;;25.2;0;0;-128.7
VIS;01.09.1981 00:00;14.8;27.6;3.8;14.6;1.8;27.9;74.5;12.2;;;;;;2.8;17.9;10.1;64.4;74.4;129;;;;7499;37;;3.8;47.9;7.9;31.9
VIS;01.10.1981 00:00;9.2;23.6;-2.3;8.7;-4.7;23.7;74.5;8.6;;;;;;2.6;21.1;9.4;76;137.4;91;;;;6413;42;;0.5;284.6;100.6;107.9
VIS;01.11.1981 00:00;2.2;15.9;-7.7;0.8;-8.9;18.8;79.1;5.8;;;;;;2.2;19.6;7.9;70.6;36.9;44;;;;3177;61;;0;534.2;294.2;18
VIS;01.12.1981 00:00;0.1;8;-13.9;-1.2;-14.6;6.3;74.6;4.6;;;;;;3.7;26.1;13.3;94;144.5;26;;;;0;;;0;617.6;369.6;150.4
VIS;01.01.1982 00:00;1.3;13.6;-7.7;-0.1;-10.1;11.2;78.3;5.3;;;;;;1.3;22.2;4.7;79.9;77.9;28;;;;607;35;;0;579.5;331.5;76.1
VIS;01.02.1982 00:00;2;13.7;-7.7;1.5;-9.4;15.8;69.7;4.9;;;;;;2.3;17.3;8.3;62.3;1.9;99;;;;8019;67;;0;503.5;279.5;-9.4
VIS;01.03.1982 00:00;4;17.9;-4.7;3.8;-7.6;20;64.2;5;;;;;;3.6;22.4;13;80.6;59.1;143;;;;9793;51;;0;497.4;249.4;16.6
VIS;01.04.1982 00:00;8.8;20.4;-4.1;8.8;-5.7;22.6;57.5;6.1;;;;;;3.6;22.3;13;80.3;7;230;;;;15562;70;;0;322.4;98.4;-100.1
VIS;01.05.1982 00:00;13.6;27.7;-1.1;14.3;-4.4;32.2;58.8;8.6;;;;;;3.1;17.9;11.2;64.4;12.5;254;;;;14570;60;;2.1;116.5;28.5;-114.5
VIS;01.06.1982 00:00;17.9;28.6;7.7;18.1;3.5;36.1;59.2;11.6;;;;;;3.6;19.5;13;70.2;29.8;253;;;;12721;53;;22.5;8;0;-96.6
VIS;01.07.1982 00:00;19.7;31;9.7;20.1;5.6;37.3;64;13.9;;;;;;2.8;18.9;10.1;68;76.8;251;;;;15244;62;;57.3;0;0;-60.7
VIS;01.08.1982 00:00;16.7;29.3;5.1;17.3;2.4;33.3;73;13.4;;;;;;2.2;18.6;7.9;67;72.2;202;;;;12665;54;;11;8.8;0.8;-13.2
VIS;01.09.1982 00:00;14.8;27.4;4.2;15.3;1.9;32.8;73.9;11.9;;;;;;2.1;19.1;7.6;68.8;31.2;167;;;;13460;67;;1.8;34.7;2.7;-33.4
VIS;01.10.1982 00:00;8;18.3;-2.1;8.2;-3.7;24.8;78.5;8.2;;;;;;2.2;19.2;7.9;69.1;91.8;108;;;;8926;58;;0;357.8;125.8;62.8
VIS;01.11.1982 00:00;4.2;13.9;-4.1;3.3;-5.7;17.9;78.2;6.3;;;;;;3.3;27.4;11.9;98.6;42.3;46;;;;2731;52;;0;473.1;233.1;33.1
VIS;01.12.1982 00:00;-0.6;12.3;-14.2;-1.7;-16.5;11.9;87;5.3;;;;;;2;22.3;7.2;80.3;91.4;25;;;;0;;;0;639.2;391.2;89.3
VIS;01.01.1983 00:00;0;8.5;-9.1;-1.3;-10.7;9.9;83.5;5.2;;;;;;2.1;28.4;7.6;102.2;66.1;28;;;;250;15;;0;620.7;372.7;63.8
VIS;01.02.1983 00:00;-3.4;8.4;-18.3;-4.2;-19.9;11.6;79.6;3.9;;;;;;2.2;21.3;7.9;76.7;39.2;94;;;;6139;51;;0;656.1;432.1;33.5
VIS;01.03.1983 00:00;4.6;17.2;-7.8;5;-10.8;22.1;68.3;5.6;;;;;;3;25.5;10.8;91.8;19.1;144;;;;9762;51;;0;477.3;229.3;-15.3
VIS;01.04.1983 00:00;8.5;21.4;-0.7;9.5;-2;27.6;63.7;6.8;;;;;;5.5;25.8;19.8;92.9;79.4;178;;;;7567;34;;0;315.6;107.6;22.5
VIS;01.05.1983 00:00;10.5;22.6;1.1;11.7;-1.4;30.8;68.7;8.3;;;;;;4.7;23.2;16.9;83.5;97.3;208;;;;8622;36;;0;227.8;59.8;2.4
VIS;01.06.1983 00:00;16;30.1;1.9;16.9;-1.5;39.1;65.7;11.4;;;;;;3;17.6;10.8;63.4;24.1;253;;;;12343;51;;4.9;19.6;3.6;-83.7
VIS;01.07.1983 00:00;21.1;36.1;7.7;21;5.6;37.5;58;13.5;;;;;;2.7;16.8;9.7;60.5;1;276;;;;18294;75;;93.7;0;0;-172.7
VIS;01.08.1983 00:00;17.7;30.6;5;18.1;2.2;37.7;66.1;12.7;;;;;;3;18.8;10.8;67.7;24.7;204;;;;11561;49;;10.3;0;0;-69.8
VIS;01.09.1983 00:00;14.2;26.1;1.4;14.5;-0.9;31.2;69.3;10.8;;;;;;3.3;22.7;11.9;81.7;46.8;173;;;;12967;64;;1.8;58.3;10.3;-24.7
VIS;01.10.1983 00:00;8.8;22;-3.1;8.3;-7.1;26.8;75.8;8.5;;;;;;2.4;20.2;8.6;72.7;17.4;113;;;;10564;69;;0;309.9;101.9;-17.9
VIS;01.11.1983 00:00;2.6;19.1;-9;0.8;-12.5;19.5;79.4;5.8;;;;;;2.3;21.4;8.3;77;95.6;47;;;;3732;72;;0;510.2;286.2;83.6
VIS;01.12.1983 00:00;0.1;9.4;-9.4;-2.3;-13.5;6.8;80.8;5;;;;;;2.7;24.7;9.7;88.9;55.8;22;;;;0;;;0;615.7;367.7;52.6
VIS;01.01.1984 00:00;-0.5;6.8;-14.3;-2.1;-17.5;4.5;76.1;4.5;;;;;;3.4;19.4;12.2;69.8;58.2;34;;;;266;15;;0;635;387;56
VIS;01.02.1984 00:00;-0.9;8.1;-9.7;-1.8;-12.3;8.7;76.8;4.5;;;;;;2.7;24.1;9.7;86.8;82.7;88;;;;6710;54;;0;606;374;74.1
VIS;01.03.1984 00:00;3.3;15.4;-7.4;3;-9.1;18.7;61.3;4.6;;;;;;3.3;19.7;11.9;70.9;16.9;165;;;;13106;69;;0;519.2;271.2;-35.5
VIS;01.04.1984 00:00;8.5;23.6;-3.3;8.4;-7;27;57.9;6;;;;;;3.6;20.1;13;72.4;3.7;230;;;;15443;70;;0;293.7;117.7;-107
VIS;01.05.1984 00:00;11;22.4;-1;11.4;-6.1;29.5;62.8;7.9;;;;;;4.6;20.4;16.6;73.4;63.1;226;;;;9588;40;;0;202.9;42.9;-18.2
VIS;01.06.1984 00:00;15.7;27.6;2.4;15.6;0.1;32.3;61.1;10.3;;;;;;3.4;21.4;12.2;77;56.4;265;;;;13715;57;;3.3;48.6;8.6;-72.8
VIS;01.07.1984 00:00;18.6;32.6;5.3;18;0.4;34.6;56.7;11.4;;;;;;3.7;21.1;13.3;76;18.2;281;;;;18135;74;;41.6;0;0;-163.7
VIS;01.08.1984 00:00;17.2;30.2;6.1;17;3.4;34;67.9;12.5;;;;;;2.4;15.2;8.6;54.7;46.3;203;;;;12509;53;;8.2;0;0;-50
VIS;01.09.1984 00:00;12.6;29;3;12.4;0;34.2;71.5;10.1;;;;;;2.9;23.3;10.4;83.9;91.6;160;;;;11148;55;;0.4;140.8;28.8;27.8
VIS;01.10.1984 00:00;8.8;21.9;-3.8;7.9;-6.6;22.5;75.2;8.3;;;;;;2.2;19.9;7.9;71.6;38.4;112;;;;9681;63;;0;327;103;5
VIS;01.11.1984 00:00;7.4;21.1;-4.4;5.9;-7.4;20.9;68.7;6.7;;;;;;3.9;20.1;14;72.4;52.2;42;;;;2162;42;;0;341.6;149.6;38.8
VIS;01.12.1984 00:00;-0.3;11.8;-10.2;-2.7;-14.3;10.3;86.6;5.2;;;;;;1.6;21.3;5.8;76.7;25.7;21;;;;0;;;0;630.7;382.7;23.2
VIS;01.01.1985 00:00;-5.2;7.5;-19.5;-6.8;-23.2;6.9;80.4;3.6;;;;;;2.3;20.4;8.3;73.4;35.3;33;;;;590;34;;0;782.5;534.5;32.4
VIS;01.02.1985 00:00;-0.1;11.7;-18.3;-0.9;-22;11.5;85.5;5.4;;;;;;2.2;21;7.9;75.6;82.6;81;;;;4393;37;;0;563.2;339.2;79.9
VIS;01.03.1985 00:00;3.9;18.3;-5.5;3.6;-8.7;23.2;64.1;5;;;;;;4.1;21;14.8;75.6;27.1;151;;;;9642;51;;0;498.8;250.8;-18.3
VIS;01.04.1985 00:00;9.3;21.9;-3;9.4;-7.3;26.3;58.5;6.5;;;;;;5.1;25.1;18.4;90.4;25.8;216;;;;13074;59;;0;279.3;87.3;-66.1
VIS;01.05.1985 00:00;12.7;27.1;0.2;12.9;-2.4;32.7;63.2;8.8;;;;;;4.3;20.4;15.5;73.4;162.7;239;;;;12709;53;;1.8;130.5;34.5;55.4
VIS;01.06.1985 00:00;15.3;28.2;4;15.2;1.7;34.1;60.8;10.1;;;;;;4.3;20.3;15.5;73.1;93.8;272;;;;14214;59;;1.9;8.3;0.3;-53.6
VIS;01.07.1985 00:00;19.7;33.4;7.2;19.1;2.8;35;61.9;13.4;;;;;;3.3;18.4;11.9;66.2;24.1;277;;;;17954;73;;50.7;0;0;-126.5
VIS;01.08.1985 00:00;17.5;30.9;3.3;17;0.3;32.3;63.1;11.9;;;;;;3.6;23.3;13;83.9;30.7;234;;;;16818;72;;25.2;16.8;0.8;-104.5
VIS;01.09.1985 00:00;15.3;27.2;4.5;14;0;29.5;67.8;11.1;;;;;;2.4;18.2;8.6;65.5;18.1;192;;;;17075;85;;1.5;16.5;0.5;-76.1
VIS;01.10.1985 00:00;9.3;25.9;-5;7.4;-9.1;28;74;8.5;;;;;;1.6;17.7;5.8;63.7;2.9;124;;;;12838;84;;0;296.7;104.7;-40.2
VIS;01.11.1985 00:00;0.5;18.3;-15.1;0.2;-9;20.1;82.4;5.3;;;;;;2.4;18.6;8.6;67;64.8;46;;;;2244;43;;0;586.3;346.3;55.3
VIS;01.12.1985 00:00;0.4;12.1;-8.9;-2.6;-12.9;10;81.8;5.1;;;;;;1.9;20.5;6.8;73.8;24.9;22;;;;0;;;0;607.2;359.2;20.9
VIS;01.01.1986 00:00;-0.6;6.7;-17.7;-2.5;-20.8;4.1;79.4;4.7;;;;;;4.5;25.5;16.2;91.8;192.6;30;;;;300;17;;0;638.7;390.7;188.1
VIS;01.02.1986 00:00;-1.7;8;-16;-2.8;-18.4;7.8;65.4;3.7;;;;;;3;19.4;10.8;69.8;30.4;98;;;;6924;58;;0;606.9;382.9;23.9
VIS;01.03.1986 00:00;4.8;19.4;-4.1;4.2;-8.4;23.1;67.7;5.6;;;;;;2.7;19.5;9.7;70.2;77.2;151;;;;10878;57;;0;470.2;222.2;36.5
VIS;01.04.1986 00:00;7.2;19.6;-3.3;7.2;-5.4;24.9;67.6;6.7;;;;;;5.6;20.3;20.2;73.1;166.1;165;;;;6485;29;;0;375.9;143.9;117.5
VIS;01.05.1986 00:00;15.4;29;3;14.9;-1.6;36.7;60.1;10.1;;;;;;4.2;21.7;15.1;78.1;30.4;243;;;;12721;53;;4.4;32.6;8.6;-77
VIS;01.06.1986 00:00;17.1;32.9;1.1;16.7;-1.7;37.3;59.3;11;;;;;;3.5;21.3;12.6;76.7;22.8;267;;;;15781;66;;42;58.1;10.1;-126.7
VIS;01.07.1986 00:00;18.4;30.7;3.9;18.1;1.3;32.3;62.5;12.4;;;;;;3.2;24.9;11.5;89.6;38.3;243;;;;15839;65;;30.4;0;0;-107
VIS;01.08.1986 00:00;17.4;31.7;3.2;17.1;0.5;33.6;67.9;12.9;;;;;;3.1;33;11.2;118.8;53.2;206;;;;14773;63;;26.7;24.8;0.8;-54.7
VIS;01.09.1986 00:00;14.8;26.8;2.2;14.4;-0.6;28.6;72.4;11.7;;;;;;2.4;22.5;8.6;81;17.2;169;;;;13547;67;;3.3;27.2;3.2;-54.7
VIS;01.10.1986 00:00;10;26.7;-3.3;8.6;-7.3;26.3;73.5;8.7;;;;;;2.2;22.1;7.9;79.6;52.4;113;;;;11556;75;;0;237.2;77.2;9.3
VIS;01.11.1986 00:00;3.5;17.1;-6.2;1;-10.9;16.4;80.7;6.3;;;;;;2;20.3;7.2;73.1;35.4;44;;;;3077;59;;0;486.7;254.7;26.1
VIS;01.12.1986 00:00;-0.4;12.5;-11.4;-3.1;-16.1;10;83.4;5;;;;;;3.5;27.5;12.6;99;94.4;20;;;;0;;;0;631.7;383.7;91.6
VIS;01.01.1987 00:00;-4.4;7;-15.9;-6.1;-20.3;3.9;83.8;3.9;;;;;;2.6;20.1;9.4;72.4;72.2;33;;;;623;36;;0;755.8;507.8;70.9
VIS;01.02.1987 00:00;0.3;11.1;-14.3;-1.3;-19;10.5;81;5.1;;;;;;2.1;17.8;7.6;64.1;63.1;74;;;;4543;38;;0;550.2;326.2;53.5
VIS;01.03.1987 00:00;3.4;18.1;-5;3.1;-8.6;21.5;62.4;4.8;;;;;;4.5;23.4;16.2;84.2;24;148;;;;10113;53;;0;515;267;-16.3
VIS;01.04.1987 00:00;10.2;24.9;-4.1;9.6;-8.3;32;58.8;6.9;;;;;;3.8;22;13.7;79.2;46.5;204;;;;14442;65;;0;229.4;77.4;-57.1
VIS;01.05.1987 00:00;11.3;25.4;-1.7;11.5;-5.6;34.6;62.3;7.9;;;;;;4.3;23.5;15.5;84.6;23;215;;;;11798;49;;0;197.5;53.5;-74.7
VIS;01.06.1987 00:00;15.1;30.7;4.5;15.3;-1;39.5;65.5;10.8;942.5;;1589.8;;;3.9;19.4;14;69.8;44.8;221;;;;10826;45;122.7;11.3;53.7;5.7;-55.7
VIS;01.07.1987 00:00;18.7;31.9;5;18.6;2.5;34.5;66.9;13.7;942.5;;1518.4;;;3.2;20.2;11.5;72.7;31.2;246;;;;13757;56;142.5;36.2;0;0;-87.1
VIS;01.08.1987 00:00;18.3;32.2;5.6;17.7;2.7;31.6;64.2;12.8;942.9;;1522.4;;;3.4;18.3;12.2;65.9;41.9;224;;;;14927;64;137;35.3;0;0;-79.9
VIS;01.09.1987 00:00;16.7;32.4;4.8;15.8;0.8;31.8;69.3;12.5;945.5;;1540;;;2.2;20.5;7.9;73.8;19.7;169;;;;13040;65;88.6;9.4;27.9;3.9;-55.5
VIS;01.10.1987 00:00;11.5;22.7;1;10.5;-2.2;21.5;70.5;9.3;942.7;;1498.7;;;3.5;22.4;12.6;80.6;111.9;93;;;;6642;43;61.5;0;188.3;44.3;80.3
VIS;01.11.1987 00:00;3.7;13.8;-7.2;2.1;-11.1;15;79.9;6.3;942.4;;1471.8;;;2.4;21.8;8.6;78.5;102.7;52;;;;3444;66;21.2;0;489.4;249.4;93.2
VIS;01.12.1987 00:00;1;12.4;-8.7;-2.1;-14.4;11.6;85.6;5.7;946.4;;1497.4;;;1.6;19.6;5.8;70.6;50.4;21;;;;0;;17.3;0;587.9;339.9;47.9
VIS;01.01.1988 00:00;3.2;13;-5.6;1.2;-8.6;12.2;72.5;5.5;940.8;;1456.4;;;3.6;21.7;13;78.1;39;30;;;;203;12;32.3;0;520.4;272.4;36.9
VIS;01.02.1988 00:00;1.3;9.9;-8.8;0.2;-12.1;12;69.8;4.6;941;;1452.3;;;3.9;24.5;14;88.2;40.3;92;;;;6678;53;33.6;0;542.9;310.9;29.1
VIS;01.03.1988 00:00;4.1;16.5;-7.4;3.5;-11.9;20.5;67.7;5.7;939.5;;1448.9;;;5.6;22.7;20.2;81.7;125.9;120;;;;6620;35;56.9;0;491.7;243.7;98.4
VIS;01.04.1988 00:00;11.1;22.6;-0.9;10.4;-3.9;27;59.3;7.5;939.3;;1468.5;;;3.7;17.3;13.3;62.3;9.4;212;;;;12150;55;102.9;0;222.2;38.2;-74.5
VIS;01.05.1988 00:00;15;27.3;2.4;14.6;-3.3;32.3;63.3;10.3;939.2;;1478.9;;;3.7;18.7;13.3;67.3;20.1;227;;;;10717;44;126.7;2.9;18.3;2.3;-70.1
VIS;01.06.1988 00:00;16;26.4;4.1;16;-1.5;34.2;67.2;11.8;940.2;;1491.5;;;2.9;17.2;10.4;61.9;21.9;234;;;;10584;44;124;1.4;27.8;3.8;-68.8
VIS;01.07.1988 00:00;19.1;32.4;7.9;18.8;4.4;33.5;62.2;13;943.1;;1526.7;;;3.6;23.2;13;83.5;48.1;278;;;;18045;74;164;39.9;0;0;-110.8
VIS;01.08.1988 00:00;18.4;33.2;6.4;17.8;2.5;35.9;68.4;13.9;942.6;;1520.6;;;2.7;21;9.7;75.6;26.2;218;;;;14917;64;125.3;42.6;8.9;0.9;-82.6
VIS;01.09.1988 00:00;14.2;26;3.2;13.6;-0.8;28.7;73.3;11.7;945.3;;1530.6;;;2.9;18.9;10.4;68;17.1;177;;;;13357;66;82.3;0.3;64.3;8.3;-47.6
VIS;01.10.1988 00:00;11.2;23.8;-0.3;9.9;-5.8;26.9;77.4;10.2;944.8;;1516.1;;;2.8;18.8;10.1;67.7;125.1;95;;;;7602;50;50.6;0;207.5;55.5;98.9
VIS;01.11.1988 00:00;1;12.8;-12.5;-0.7;-13.5;17.9;83.9;5.8;946.8;;1500.8;;;1.6;20.8;5.8;74.9;27;46;;;;3020;58;15.5;0;570.5;330.5;18.2
VIS;01.12.1988 00:00;0.2;10.7;-7.7;-2.2;-13.3;9.4;84.2;5.3;949.5;;1519.4;;;2.2;22.6;7.9;81.4;85.1;20;;;;0;;15.3;0;614;366;82.2
VIS;01.01.1989 00:00;-4;5.6;-13.5;-6.8;-12.9;6.7;85.6;3.9;956.6;;1563.6;;;0.8;10.7;2.9;38.5;3;26;;;;1174;68;10.6;0;745.1;497.1;1.8
VIS;01.02.1989 00:00;2.3;13.8;-10;1;-14.2;20.8;73.6;5.3;946.5;;1500;;;2.6;20.7;9.4;74.5;26.9;85;;;;6178;51;29.6;0;495.5;271.5;18.9
VIS;01.03.1989 00:00;7.7;23.8;-2.9;7.2;-7.4;31;63.6;6.3;943.5;;1494.1;;;3;20.2;10.8;72.7;45.9;159;;;;13128;69;71.2;0;352.3;144.3;-8.1
VIS;01.04.1989 00:00;8;18.7;-1.2;8;-6.1;28.3;65.1;6.7;935.1;;1423;;;4.9;23.1;17.6;83.2;180.7;162;;;;7219;32;85.9;0;339.3;123.3;127.6
VIS;01.05.1989 00:00;15;26.8;0.4;14.7;-5.2;33.9;59.3;9.6;944.2;;1523.2;;;2.9;18.7;10.4;67.3;23.5;262;;;;16545;68;136.9;1.4;36.7;4.7;-111.5
VIS;01.06.1989 00:00;16.4;28.7;4;16.1;-0.6;33.3;57.6;10.2;942.1;;1509.6;;;3.5;25.5;12.6;91.8;4.7;283;;;;15993;67;151.2;9.8;33.7;1.7;-148.2
VIS;01.07.1989 00:00;19.2;32.2;7.3;18.5;1.6;34.3;66.4;14.1;945.2;;1545.8;;;3;22.4;10.8;80.6;35;239;;;;13606;56;143.4;38.6;0;0;-85.6
VIS;01.08.1989 00:00;18.3;31.1;4;17.6;0.2;33.2;67.8;13.7;942.5;;1519.3;;;3.2;24.3;11.5;87.5;34.9;230;;;;16189;69;129.7;33.3;0;0;-80.3
VIS;01.09.1989 00:00;14.4;28.9;0.9;13.6;-1.9;30.4;71.7;11.4;944.6;;1524.9;;;2.4;19;8.6;68.4;13.4;157;;;;11760;58;78.3;3.3;28.4;4.4;-50.4
VIS;01.10.1989 00:00;10;25.8;-1.3;8.6;-5.4;27.2;69.9;8.2;947.4;;1534.8;;;2.4;20.5;8.6;73.8;36.2;124;;;;12038;79;56.7;0;274.2;74.2;-10.2
VIS;01.11.1989 00:00;2.8;18.5;-8.6;-0.2;-13.5;19.4;72.2;5.5;942.7;;1471.5;;;2.2;18;7.9;64.8;3.6;41;;;;2513;48;28;0;508.8;276.8;-7.6
VIS;01.12.1989 00:00;-1;15.6;-14.2;-5.2;-17.9;13.6;78.9;4.7;942.9;;1460.8;;;2.1;25.6;7.6;92.2;60.4;18;;;;0;;20.6;0;649.6;401.6;57.3
VIS;01.01.1990 00:00;-3.2;11.7;-12.9;-8.4;-17.5;10.1;76.4;3.8;950.2;;1513.2;;;1.7;21.4;6.1;77;21;23;;;;502;29;18.6;0;718.9;470.9;18.3
VIS;01.02.1990 00:00;5.3;18.1;-4.2;3.3;-11.9;23.9;67;5.9;944.8;;1497.3;;;3.9;30.1;14;108.4;144.1;79;;;;6194;52;37.5;0;412.3;188.3;128.4
VIS;01.03.1990 00:00;7.4;23.5;-4.8;6.6;-8.2;25.6;60.2;6;952.4;;1568.7;;;3.2;24.2;11.5;87.1;13.8;154;;;;12105;64;70.8;0;383;143;-32.7
VIS;01.04.1990 00:00;9;25.9;-1;8.7;-4.4;27.8;59.8;6.5;938.9;;1459;;;4.4;20.8;15.8;74.9;13.1;188;;;;10402;47;94.4;0;298.7;98.7;-67.3
VIS;01.05.1990 00:00;15.7;28;2.4;15.1;-1.3;29.8;60.3;10.1;944;;1523.5;;;2.6;17.8;9.4;64.1;27.4;244;;;;14763;61;131.9;0.4;0;0;-95.6
VIS;01.06.1990 00:00;16.2;31.3;3;16;-1.3;34.9;67.9;12.1;941.7;;1505.9;;;3.4;23.1;12.2;83.2;67.1;234;;;;12057;50;126.7;11.8;8.3;0.3;-44.4
VIS;01.07.1990 00:00;19.3;32.6;5.4;18.2;1.4;33.5;62.5;13.3;944.6;;1540.7;;;3.3;18.4;11.9;66.2;14.4;275;;;;17770;73;156.3;51.9;0;0;-135.2
VIS;01.08.1990 00:00;18.9;31.8;4.7;18;2.1;33.5;65.1;13.5;945.9;;1551.1;;;2.9;20.5;10.4;73.8;22.7;233;;;;17008;73;135.9;36.3;0;0;-110.9
VIS;01.09.1990 00:00;14.3;25.2;2.2;13.2;-1.5;27.4;69;10.9;944;;1519.4;;;3.1;19.3;11.2;69.5;43.8;181;;;;13704;68;91.6;0.2;29.3;5.3;-36.6
VIS;01.10.1990 00:00;11.8;25;-0.2;10.6;-4.4;27.1;71.1;9.6;941.2;;1487.8;;;3.4;20.2;12.2;72.7;84.2;107;;;;9139;60;65.8;1.7;192.4;48.4;47.7
VIS;01.11.1990 00:00;3.5;13.7;-6.2;1.7;-12.2;17.4;78.1;6.2;941;;1459;;;2.5;19.2;9;69.1;49.8;48;;;;2744;53;23.6;0;495.9;255.9;40.4
VIS;01.12.1990 00:00;-3.3;5.5;-18;-5.2;-20.1;4.4;83.8;4.2;943.4;;1457.7;;;1.7;21.7;6.1;78.1;73.8;21;;;;0;;11.5;0;723.2;475.2;70
VIS;01.01.1991 00:00;-1.7;7.5;-13;-4.3;-15.4;3.9;81.8;4.6;949.7;;1515.4;;;1.6;17.1;5.8;61.6;60.1;29;;;;1002;58;13.7;0;671.8;423.8;58.9
VIS;01.02.1991 00:00;-1.6;13.4;-14.4;-3.3;-19.7;15.3;73.5;4.1;942.2;;1454.3;;;1.9;18.9;6.8;68;20.2;100;;;;7679;64;21.2;0;603.5;379.5;10.5
VIS;01.03.1991 00:00;8.7;19.3;-4.4;7.9;-8.7;22.3;62.9;6.9;939.7;;1464.2;;;4;22.6;14.4;81.4;80.1;133;;;;8284;44;74;0;329.2;105.2;41.6
VIS;01.04.1991 00:00;8.5;21.8;-3.1;8.1;-9.8;26.5;56.8;6.1;940.5;;1471.1;;;3.4;19.8;12.2;71.3;36.6;214;;;;13673;62;90.9;0;330.1;106.1;-61.5
VIS;01.05.1991 00:00;11.4;26.3;-0.3;11.2;-5.6;33.1;57.1;7.4;942.2;;1494.6;;;3.8;25.9;13.7;93.2;14.8;255;;;;14488;60;124.7;0;197.6;53.6;-118.1
VIS;01.06.1991 00:00;15.7;28.1;4.4;15.3;0.6;34.9;65.7;11.5;942.1;;1507.8;;;3.5;23.3;12.6;83.9;76.1;249;;;;13446;56;126.3;9.3;34.9;2.9;-39.4
VIS;01.07.1991 00:00;19.9;32.8;6.4;19.1;2.5;34.6;66.2;14.7;943.3;;1530.9;;;3.2;21;11.5;75.6;39.2;273;;;;17917;73;155.9;63.1;0;0;-106.3
VIS;01.08.1991 00:00;19.9;34.6;7.7;18.4;2;35.1;64.2;14;945.4;;1549.9;;;2.5;17.7;9;63.7;25.9;245;;;;18909;81;142.4;53.9;0;0;-114.9
VIS;01.09.1991 00:00;16.3;28.7;4.2;14.9;0.1;30.1;71.5;12.7;943.7;;1523.1;;;2.8;22.5;10.1;81;33.8;166;;;;12292;61;87.4;1.7;16.1;0.1;-34.7
VIS;01.10.1991 00:00;8.3;21.2;-4;6.8;-8.3;24.4;76.4;8.3;943.1;;1492.1;;;2.5;19.9;9;71.6;65.6;112;;;;10143;66;43.8;0;331.4;123.4;30.8
VIS;01.11.1991 00:00;2.9;14;-6.6;1.2;-9.3;17.1;78.2;5.9;942.2;;1467.8;;;2.4;19.1;8.6;68.8;16.8;45;;;;2117;41;22.6;0;512.9;272.9;7.9
VIS;01.12.1991 00:00;-3.5;8.3;-14.6;-6.3;-17.3;8.5;83.7;4.2;952.7;;1533.4;;;2.2;24.4;7.9;87.8;137;20;;;;0;;13.9;0;728.1;480.1;134.2
VIS;01.01.1992 00:00;-2.8;10;-11.3;-5.2;-14.4;8.6;80.6;4;953.4;;1541.5;;;1.5;17.7;5.4;63.7;7;34;;;;708;41;15.6;0;707.1;459.1;5.3
VIS;01.02.1992 00:00;1.7;14.5;-9.7;0.9;-11.6;17.7;70.8;4.9;950.7;;1535.5;;;3;20.8;10.8;74.9;59.2;91;;;;7481;60;31.1;0;529.3;297.3;47.8
VIS;01.03.1992 00:00;6.7;19.1;-3;6.1;-6.4;20.4;62.6;5.9;942.4;;1480.4;;;4.3;21.1;15.5;76;61.4;136;;;;9638;51;68.1;0;413;165;19.5
VIS;01.04.1992 00:00;9.4;25.2;-4.9;8.7;-10.1;33.6;60.6;6.8;938.8;;1458.7;;;3.7;20.4;13.3;73.4;29.5;203;;;;12631;57;93.7;0;274.9;90.9;-56.6
VIS;01.05.1992 00:00;15.4;28.8;0.8;15.3;-3.8;36.1;58.8;9.8;943.8;;1521.5;;;3.4;18.9;12.2;68;10.1;251;;;;15290;63;137.9;2.8;35.8;3.8;-119.7
VIS;01.06.1992 00:00;15.8;29.2;6.5;15.7;2.7;32.4;68.9;11.9;939.7;;1486.8;;;3.3;17.8;11.9;64.1;80.1;221;;;;10111;42;117.1;9.8;34.8;2.8;-6.6
VIS;01.07.1992 00:00;19.1;31.2;8.3;18.8;5.5;32.6;69.1;14.7;944.4;;1538.3;;;2.6;23.3;9.4;83.9;49.5;255;;;;15417;63;140.1;48.1;0;0;-69.1
VIS;01.08.1992 00:00;20.5;32.7;7.2;19.6;2.9;34.6;63.5;14.4;943.8;;1537.5;;;2.9;21.9;10.4;78.8;46.9;219;;;;15417;66;139.2;74.4;0;0;-81.1
VIS;01.09.1992 00:00;14.6;25.2;2.2;13.6;-0.6;27.5;71.6;11.6;946.4;;1541.8;;;3.2;19.4;11.5;69.8;48.9;166;;;;12615;62;83.5;0;37.1;5.1;-15.9
VIS;01.10.1992 00:00;7.9;20.6;-3.9;6.9;-9.4;23.3;80.8;8.7;936.3;;1432.4;;;2.6;19.9;9.4;71.6;133.8;84;;;;5675;37;37.4;0;350.7;126.7;113.4
VIS;01.11.1992 00:00;4.6;13.3;-3.6;3.1;-6.4;15.6;85.4;7.3;946;;1505.3;;;2.1;18.2;7.6;65.5;140;42;;;;1811;35;17.6;0;461;221;134.3
VIS;01.12.1992 00:00;-0.8;11.8;-10.7;-2.8;-14.3;10.9;84.8;5;945.1;;1480;;;1.5;18.8;5.4;67.7;43.8;23;;;;0;;13.1;0;643.7;395.7;41.4
VIS;01.01.1993 00:00;-0.1;9.7;-15.2;-2.3;-17.5;8.4;82.4;5.2;952.7;;1545.4;;;1.8;20.5;6.5;73.8;11.1;32;;;;727;42;15.9;0;622.8;374.8;9.4
VIS;01.02.1993 00:00;-0.2;16.4;-13.8;-1.8;-18;15.4;71.7;4.3;950.7;;1528.8;;;2.5;21.9;9;78.8;4.2;101;;;;8706;73;25.7;0;566.1;342.1;-8.6
VIS;01.03.1993 00:00;5.5;21.7;-5.2;4.8;-9.6;25.7;59.6;5.3;945.1;;1500.9;;;3.3;20.3;11.9;73.1;20.1;157;;;;12707;67;66.6;0;448.1;200.1;-37.6
VIS;01.04.1993 00:00;10.3;23.3;-2.8;9.5;-6.7;27.9;60.8;7.3;938.9;;1462.7;;;4.6;20.4;16.6;73.4;101.9;178;;;;9871;44;96.2;0;240.3;72.3;26.6
VIS;01.05.1993 00:00;15.1;29.5;2.5;14.9;-1.5;32.1;60.9;9.9;940.4;;1490.2;;;3.7;22.4;13.3;80.6;18.7;244;;;;13985;58;134.5;7.7;26.6;2.6;-96.3
VIS;01.06.1993 00:00;17.5;30.5;6;16.9;1.4;35;64.6;12.4;943.1;;1521.4;;;3.8;19.4;13.7;69.8;41.8;253;;;;14149;59;140.8;18.5;8.2;0.2;-80.8
VIS;01.07.1993 00:00;17.7;31.6;6.3;17.4;3.1;32.1;65.1;12.8;944.5;;1535.4;;;3.6;18.9;13;68;59;247;;;;15333;63;139.1;24;0;0;-74.7
VIS;01.08.1993 00:00;18.8;31;5;18;1.4;34.3;66.4;13.7;944.8;;1541.4;;;2.9;20.8;10.4;74.9;35.6;218;;;;16280;69;128.7;42.5;0;0;-87
VIS;01.09.1993 00:00;14;25.5;2.9;13.2;-0.9;28.2;70.3;11;940;;1483.3;;;3.5;19.6;12.6;70.6;125.2;144;;;;10112;50;81.5;0.4;53.5;13.5;64
VIS;01.10.1993 00:00;8.8;19.8;-3.1;7.8;-6.4;22.2;75.6;8.4;940.6;;1472.2;;;3.3;18.9;11.9;68;59.3;88;;;;6832;45;47.5;0;315.2;107.2;33.4
VIS;01.11.1993 00:00;2.8;17.8;-10.6;1.1;-14;18.9;75.9;5.9;944;;1482.1;;;2.1;20.5;7.6;73.8;22.9;40;;;;2050;39;23.9;0;508.4;276.4;13
VIS;01.12.1993 00:00;1.3;12.4;-13.3;-0.3;-17.5;9.7;80.6;5.5;941.5;;1456.9;;;2.6;24.9;9.4;89.6;138.4;24;;;;0;;18.2;0;580.5;332.5;130.8
VIS;01.01.1994 00:00;1.2;10.2;-10;-0.3;-12.8;9.2;78.3;5.3;943.2;;1469.9;;;3.1;30;11.2;108;99.5;28;;;;787;46;22.5;0;583;335;102.4
VIS;01.02.1994 00:00;2.7;15.8;-10.9;1.6;-14.1;16.7;66.3;4.9;940.5;;1452.5;;;3.2;20.5;11.5;73.8;17.9;83;;;;5668;47;36.3;0;484.2;260.2;7.7
VIS;01.03.1994 00:00;9.4;22.3;-2.3;8.6;-5.6;23.6;59.9;6.9;946.5;;1525.6;;;4.1;20.8;14.8;74.9;13.6;147;;;;11271;59;79.7;0;292.6;84.6;-36.2
VIS;01.04.1994 00:00;8;24.9;-3.7;7.8;-8.4;30.6;64.6;6.8;937.9;;1446.7;;;4.2;19.3;15.1;69.5;53.4;192;;;;11393;51;85.6;0;321.8;129.8;-20.6
VIS;01.05.1994 00:00;14.3;26.5;2.7;14.3;-2.2;32;65.8;10.3;939.8;;1482.4;;;3.9;19.9;14;71.6;108.2;220;;;;12777;53;119.1;1.4;44.9;4.9;11.6
VIS;01.06.1994 00:00;17.3;31.7;2.7;16.8;-1.5;35;61.5;11.7;945.2;;1539.6;;;3.5;24.2;12.6;87.1;43;245;;;;14976;62;140.3;24.9;26.8;2.8;-88.9
VIS;01.07.1994 00:00;21.2;34.6;11.1;20.9;6.9;38.4;63.2;15.1;944.4;;1545.1;;;2.5;23.2;9;83.5;81.5;251;;;;17096;70;152.7;92.3;0;0;-68.5
VIS;01.08.1994 00:00;19.3;32;9.2;18.9;5.9;36.5;68.4;14.8;943.2;;1528.8;;;2.9;22.1;10.4;79.6;55.9;214;;;;15148;65;126.5;46.6;0;0;-54.2
VIS;01.09.1994 00:00;14.3;27.2;3.2;13.5;-0.7;31;75.3;12.1;942.4;;1505.2;;;3.1;21.4;11.2;77;88.4;141;;;;8818;44;74.2;4.8;66.7;18.7;42.7
VIS;01.10.1994 00:00;9.7;21.4;0.3;8.2;-3.9;26.7;75;8.9;943.6;;1501.2;;;2.4;21.2;8.6;76.3;26.1;107;;;;9465;62;48.7;0;269.6;85.6;-7.8
VIS;01.11.1994 00:00;6.6;19.1;-3.6;4;-9.2;20.1;80.7;7.9;947.2;;1521.4;;;2.5;18.9;9;68;110;41;;;;1921;37;28.4;0;393.7;169.7;101.5
VIS;01.12.1994 00:00;0.5;11;-12.5;-2.8;-16.8;9.4;84.3;5.5;948.2;;1510.9;;;1.3;17.8;4.7;64.1;67.4;19;;;;0;;12.9;0;603.7;355.7;62.8
VIS;01.01.1995 00:00;-1.3;10.1;-13.7;-3.9;-20.1;6.5;77.9;4.5;944.6;;1474.1;;;3.7;22.6;13.3;81.4;139.7;28;;;;401;23;22.8;0;659.9;411.9;139.6
VIS;01.02.1995 00:00;3.1;16.1;-6.7;2;-10.9;17.4;77;5.9;944.1;;1483.9;;;2.3;21.7;8.3;78.1;93.5;80;;;;5695;47;24.9;0;472;248;86.2
VIS;01.03.1995 00:00;3.9;18.7;-6.3;3.2;-9.8;22.1;61.9;4.9;941.5;;1464.8;;;4.1;26.6;14.8;95.8;52;153;;;;11527;61;61.3;0;499.1;251.1;1.6
VIS;01.04.1995 00:00;10;22.4;-3.1;9.5;-8.3;27.2;61.3;7.3;941.4;;1482.5;;;4.4;20.1;15.8;72.4;79.3;189;;;;11924;54;93.9;0;255.7;63.7;-3.5
VIS;01.05.1995 00:00;13.3;26.8;-1;13;-6.8;32.8;62.5;9.1;941.8;;1496.9;;;3.2;20.6;11.5;74.2;81.6;237;;;;14309;59;118.5;0;83.7;19.7;-37.7
VIS;01.06.1995 00:00;15.5;30;3.7;15.7;-0.5;34.4;66.4;11.4;942;;1505.4;;;2.8;21.4;10.1;77;28.8;253;;;;13688;57;124.4;17.9;26.7;2.7;-81.4
VIS;01.07.1995 00:00;21.1;35.6;11.2;20.7;6.8;36.8;63.7;15.2;943.1;;1533;;;2.7;17.5;9.7;63;25.6;264;;;;17349;71;159.6;92;0;0;-123.2
VIS;01.08.1995 00:00;18.3;32.6;0.4;17.8;-2.2;33.2;65.6;13.4;943.1;;1524.1;;;3.2;20.9;11.5;75.2;28.6;210;;;;13158;56;126.1;32.9;17.8;1.8;-80.3
VIS;01.09.1995 00:00;12.8;24;-1.1;12.2;-4.7;26.2;71.2;10.3;940.9;;1487.5;;;3.1;20.3;11.2;73.1;62.8;156;;;;10285;51;78;0;97;17;4
VIS;01.10.1995 00:00;11;24.9;-3.5;9.2;-6.6;27.4;73.5;9.5;949.4;;1554.9;;;1.4;15.1;5;54.4;1.7;118;;;;11638;76;45.7;0;224.9;48.9;-38.2
VIS;01.11.1995 00:00;4.6;18.2;-8.3;2.7;-13.2;18.8;67.6;5.8;944.2;;1489.1;;;3.9;22.9;14;82.4;24.2;49;;;;3574;69;39.9;0;449.8;225.8;7.3
VIS;01.12.1995 00:00;1;13.2;-11.5;-1.3;-15.7;11.9;77.6;5.2;940.4;;1446.3;;;2.3;21.2;8.3;76.3;46.3;20;;;;0;;22.2;0;588.3;340.3;43.1
VIS;01.01.1996 00:00;2.3;12.4;-10.1;-0.2;-14.8;12.1;70.8;5;939.5;;1442.6;;;3.5;21.8;12.6;78.5;3;29;;;;834;49;36.1;0;550.1;302.1;0.4
VIS;01.02.1996 00:00;0.6;13.3;-11.4;-0.1;-14.9;16.1;69;4.3;938.2;;1427.4;;;3.5;22.2;12.6;79.9;23.6;87;;;;5830;47;33.9;0;561.8;329.8;13.6
VIS;01.03.1996 00:00;5.2;20.8;-9;4.6;-12.9;23.5;56.2;5;939.3;;1450.1;;;3.8;22.3;13.7;80.3;28.1;162;;;;13163;69;73.3;0;458.5;210.5;-31
VIS;01.04.1996 00:00;10.8;22.3;-2.8;10.3;-8.3;27.4;55;6.8;940.8;;1480.8;;;3.8;20.1;13.7;72.4;8.1;196;;;;12167;55;104.8;0;205.4;61.4;-86.4
VIS;01.05.1996 00:00;13.8;29.1;2.5;14;-1;32;65.9;10;939.3;;1476.1;;;3.7;23.5;13.3;84.6;90.1;227;;;;12971;54;120.6;1.6;85.9;13.9;-10
VIS;01.06.1996 00:00;18.6;31.7;5.7;18.4;1.8;33.5;57.5;11.5;945.2;;1543.9;;;3.5;22.5;12.6;81;9.7;275;;;;16800;70;159;40.3;0;0;-151.1
VIS;01.07.1996 00:00;18.2;30.6;6.7;17.8;3.4;33.8;65.2;13.1;944.3;;1534.8;;;3.4;22;12.2;79.2;49.4;256;;;;15577;64;145.2;32;9;1;-88.8
VIS;01.08.1996 00:00;17.6;30;4.8;17.5;1.1;32.8;71.8;14;943.1;;1521.7;;;2.5;19.6;9;70.6;55.6;227;;;;14512;62;117.6;17.4;0;0;-41.3
VIS;01.09.1996 00:00;12.5;25.4;1.2;12;-3;26.4;67.4;9.3;940.5;;1483;;;3.2;19.6;11.5;70.6;10.4;179;;;;13144;65;86.5;0;127.2;15.2;-67.5
VIS;01.10.1996 00:00;9.4;21.3;-1.4;8.3;-5.1;21.5;75;8.7;945.1;;1513.1;;;2.5;19.9;9;71.6;81.5;90;;;;7267;47;45.6;0;307.1;91.1;53.2
VIS;01.11.1996 00:00;4.5;17.9;-7.3;3.2;-12.2;18.7;77.4;6.6;940;;1454.1;;;3.9;19.4;14;69.8;130.4;46;;;;2321;45;28.9;0;465.8;225.8;120.4
VIS;01.12.1996 00:00;1.3;11.5;-9;-0.3;-13;10.6;80.1;5.5;938.5;;1431.2;;;2.1;21.4;7.6;77;28.5;23;;;;0;;17.3;0;580.5;332.5;26.4
VIS;01.01.1997 00:00;0.6;13.6;-8.6;-1.6;-13;12.3;77.1;4.9;945.9;;1490.9;;;2;20.2;7.2;72.7;20.6;32;;;;848;49;23.1;0;600.4;352.4;18.5
VIS;01.02.1997 00:00;3;15;-7;1.4;-11.1;17.9;70.3;5.3;950.2;;1535.2;;;2.5;28.5;9;102.6;63.4;98;;;;8025;67;30.2;0;476.4;252.4;52.1
VIS;01.03.1997 00:00;7.8;20.8;-3;6.8;-7.3;22.5;59.8;6.1;949.3;;1543.6;;;3.3;21.3;11.9;76.7;8.8;174;;;;14531;76;75.3;0;370;130;-51
VIS;01.04.1997 00:00;9.6;20.9;-4.5;8.8;-11.7;23.7;51.3;5.8;942.7;;1493;;;4.5;20.9;16.2;75.2;14.4;241;;;;17312;78;111.4;0;290.3;74.3;-116.1
VIS;01.05.1997 00:00;14.7;26.2;1;14.2;-2.9;31.9;59;9.4;941.7;;1500.3;;;4.1;20.4;14.8;73.4;46.6;254;;;;15685;65;139.2;5.2;64.3;16.3;-93.4
VIS;01.06.1997 00:00;16.8;29.3;5.2;16.7;0.4;34.2;65.7;12.2;938.6;;1479.7;;;3.6;18.7;13;67.3;73.1;221;;;;11026;46;125.2;17.5;0;0;-13.3
VIS;01.07.1997 00:00;17.8;30.4;6.5;17.3;1.9;33.2;67.4;13.2;944.5;;1534.6;;;3.6;19.7;13;70.9;41.1;243;;;;13853;57;138.4;19.7;0;0;-81.2
VIS;01.08.1997 00:00;20;33;5.9;19;1.9;35.2;65.5;14.5;944.5;;1542.6;;;2.8;20.1;10.1;72.4;26.3;208;;;;15062;64;131.6;66.6;8.1;0.1;-88.4
VIS;01.09.1997 00:00;16;29.8;5.4;14.7;0.3;31.8;72;12.7;947.4;;1554.9;;;1.8;18.3;6.5;65.9;32.9;190;;;;16984;84;83.6;8.5;0;0;-49.6
VIS;01.10.1997 00:00;9.8;24.2;-5.5;8.7;-11.1;27.2;73.2;9;943.4;;1500;;;2.5;18.6;9;67;46.1;113;;;;9446;62;49.4;0;258.7;98.7;8.9
VIS;01.11.1997 00:00;4.6;16.9;-5.7;2.4;-9.4;18;74.5;6.2;937.5;;1432.5;;;2.7;22.5;9.7;81;22;46;;;;2572;49;31.3;0;442;226;10.6
VIS;01.12.1997 00:00;2.3;12.2;-7.1;0.5;-10.6;12;75.3;5.5;941.2;;1457.5;;;3.6;24.8;13;89.3;59.1;24;;;;0;;26.8;0;547.9;299.9;55.8
VIS;01.01.1998 00:00;-0.1;13.8;-12.9;-2.8;-17.4;11.3;77.2;4.7;945;;1481.3;;;2.4;20.7;8.6;74.5;47.2;32;;;;1092;64;22.6;0;624.1;376.1;45.1
VIS;01.02.1998 00:00;1.8;17.7;-13.1;-0.1;-15.4;18.6;70.6;4.8;950.6;;1535;;;1.6;19.2;5.8;69.1;11.3;113;;;;10479;87;29.4;0;509.3;285.3;-1.9
VIS;01.03.1998 00:00;6.9;22.9;-7.4;6.2;-11.1;25.5;57.5;5.6;946.1;;1513.8;;;3.7;22.5;13.3;81;13.8;161;;;;11872;62;75.9;0;387.6;163.6;-42
VIS;01.04.1998 00:00;9.3;22.9;-2.8;8.8;-8.8;26.9;60.6;6.9;932.9;;1407.7;;;4.6;21.1;16.6;76;30.6;190;;;;10064;45;93.6;0;270.7;94.7;-43.2
VIS;01.05.1998 00:00;15.3;28.9;1.5;14.3;-3.6;35;55.3;9;939.9;;1486.3;;;3.2;18.3;11.5;65.9;24.2;263;;;;16353;68;142.9;3.7;17;1;-122.2
VIS;01.06.1998 00:00;18.1;31.4;4.4;17.9;0.8;33.4;60.7;12.3;943;;1523.4;;;3.9;21.2;14;76.3;46.8;264;;;;15311;64;150.8;41.1;10.1;2.1;-92.5
VIS;01.07.1998 00:00;19.9;33.8;7.3;19.5;1.9;36.3;59.2;13.2;940.9;;1509.4;;;4.1;28.2;14.8;101.5;24.9;258;;;;16073;66;164.8;67.1;0;0;-134.9
VIS;01.08.1998 00:00;19.5;35.1;4.4;18.9;0.2;37.6;63.5;13.8;943.5;;1531.4;;;3.1;18.1;11.2;65.2;10.6;230;;;;15518;66;135.6;65.2;0;0;-114.5
VIS;01.09.1998 00:00;14.6;30.2;3.5;13.6;-0.5;34.3;67.9;11.1;939.3;;1478.6;;;3.6;20.5;13;73.8;52.8;157;;;;10435;52;88;9.4;88.6;8.6;-12.2
VIS;01.10.1998 00:00;9.5;20.4;-0.2;8.4;-3.7;22.8;75.5;8.9;942.2;;1488.7;;;2.3;19.2;8.3;69.1;82.6;91;;;;5933;39;43.6;0;310.4;78.4;45.6
VIS;01.11.1998 00:00;0.9;11.7;-11.8;-1.2;-15.9;15.2;76.3;5.2;943.1;;1469;;;1.9;17.3;6.8;62.3;38;43;;;;2458;47;17.8;0;573.4;333.4;40.5
VIS;01.12.1998 00:00;-1.7;9.5;-14.7;-4;-17;6.8;78.4;4.3;947.1;;1493.6;;;2.3;22.4;8.3;80.6;14.7;21;;;;0;;17.5;0;672;424;11.5
VIS;01.01.1999 00:00;0.2;9.1;-10.9;-2;-13.2;7.9;75.6;4.7;943.2;;1467.3;;;3.3;23.4;11.9;84.2;45.8;29;;;;804;47;24;0;612.5;364.5;43.3
VIS;01.02.1999 00:00;-1.6;10.4;-22;-2.5;-26.3;10.4;78.9;4.5;941.7;;1449;;;3.4;21.3;12.2;76.7;97.1;72;;;;4429;37;20.4;0;605.3;381.3;91.8
VIS;01.03.1999 00:00;6.4;20.6;-3.8;5.8;-6.3;22.3;63.1;5.8;938.5;;1446.9;;;3.5;19.8;12.6;71.3;39.1;153;;;;11421;60;68.5;0;421.3;173.3;-9.9
VIS;01.04.1999 00:00;9.4;21.4;-0.8;9;-5;23.3;62.2;7;939.7;;1466.9;;;3.6;18.8;13;67.7;27.2;194;;;;10711;48;90.3;0;262.8;86.8;-45.5
VIS;01.05.1999 00:00;15.8;28.8;4.1;15.4;0.2;33.2;66;11.4;941.7;;1504;;;3.6;21.3;13;76.7;86.7;223;;;;12121;50;121.5;5.7;17.4;1.4;-7.6
VIS;01.06.1999 00:00;16.5;30.3;3;16.6;-1.1;35.8;65.3;11.8;943.2;;1519.1;;;3.4;20.7;12.2;74.5;55.5;262;;;;14551;61;133.9;7.9;8;0;-65.8
VIS;01.07.1999 00:00;19.8;33.6;6;19.2;1.5;35.5;62.6;13.8;941.8;;1517.7;;;3.3;19.3;11.9;69.5;20.1;270;;;;16864;69;158.8;52.3;0;0;-128.1
VIS;01.08.1999 00:00;18.7;30.8;8.3;18;4.1;35.4;72.5;15.1;940.8;;1504.8;;;2.3;33.1;8.3;119.2;68.5;197;;;;12629;54;109.5;34.9;0;0;-16.4
VIS;01.09.1999 00:00;16.6;27.6;8;15.8;4.9;29.5;70.6;12.9;940.5;;1495.5;;;2.6;21.3;9.4;76.7;59.6;160;;;;11819;59;85.1;1.9;0;0;-8.7
VIS;01.10.1999 00:00;10.7;21.3;-0.1;9.5;-4.3;22.9;72.9;9.2;943.4;;1502.2;;;3.1;21.6;11.2;77.8;14.5;108;;;;9461;62;52.5;0;235.9;51.9;-21.3
VIS;01.11.1999 00:00;1.6;19;-14.6;-0.5;-17.6;22.2;79.3;5.7;945.2;;1488.5;;;2.4;21.4;8.6;77;34;43;;;;1927;37;21.6;0;552.9;312.9;24.8
VIS;01.12.1999 00:00;-1.3;9.1;-15.2;-3.1;-18.2;7.5;80.6;4.6;941.2;;1445.5;;;2.5;29.4;9;105.8;91;23;;;;0;;16.8;0;659;411;87.8
VIS;01.01.2000 00:00;-3.7;6.9;-13.6;-5.8;-17.1;10.5;84.4;4;949.5;;1507.1;;;1.6;22.5;5.8;81;24;27;;;;443;26;12;0;735.3;487.3;23.1
VIS;01.02.2000 00:00;2.8;13.6;-4.8;2.2;-8.1;16.9;73.9;5.5;948.6;;1521.4;;;2.8;20.6;10.1;74.2;49.5;86;;;;6322;51;28;0;497.6;265.6;33.6
VIS;01.03.2000 00:00;6.8;19;-4;6.3;-7.5;22.7;61.6;5.9;944;;1495.4;;;3.9;20.4;14;73.4;24.9;157;;;;11793;62;70.5;0;408.9;160.9;-18.9
VIS;01.04.2000 00:00;10.5;24;-1.3;10;-5.8;27.1;59.5;7.3;934.8;;1427.4;;;5;20.3;18;73.1;63.9;188;;;;10851;49;101.5;0;240.8;64.8;-12.6
VIS;01.05.2000 00:00;15.5;28.3;1.5;15.1;-1.6;33.5;62.2;10.5;941.7;;1503.6;;;3.6;17.4;13;62.6;16.1;244;;;;13804;57;131.7;2;8.8;0.8;-94.4
VIS;01.06.2000 00:00;18.7;31.4;5.5;18.1;0.8;34.1;62.1;12.7;945;;1542.8;;;3.4;18;12.2;64.8;39.3;265;;;;15537;65;151.8;33.6;0;0;-99.7
VIS;01.07.2000 00:00;17.6;31.3;3.3;17.1;-1.2;33.1;62.8;11.9;939.9;;1493.6;;;4;19.6;14.4;70.6;52.6;248;;;;14152;58;152.4;28.4;0;0;-82.3
VIS;01.08.2000 00:00;19.4;31.6;8.4;18.6;4.1;35.7;64;13.5;944.2;;1538;;;2.8;22.3;10.1;80.3;23.7;215;;;;15005;64;133.3;56.6;0;0;-101.3
VIS;01.09.2000 00:00;15.3;27.7;2.9;14.4;-0.9;29.9;67.4;11.3;941.4;;1499.4;;;3.2;19.5;11.5;70.2;116.8;187;;;;14814;73;93.2;1.4;17.1;1.1;11.6
VIS;01.10.2000 00:00;9.8;19.2;0;8.6;-3.3;22.6;78.3;9.3;942;;1487.2;;;2.5;17.3;9;62.3;161.9;90;;;;6464;42;39.7;0;296.2;72.2;158.1
VIS;01.11.2000 00:00;4.7;14.9;-10.2;3.4;-8.1;15.1;76.7;6.4;937;;1428.6;;;2.9;22;10.4;79.2;91.3;46;;;;1987;38;29.6;0;452.3;220.3;81.5
VIS;01.12.2000 00:00;3.1;15.9;-10.1;1.2;-14.3;14.3;74.6;5.7;939.5;;1445.4;;;2.7;19.2;9.7;69.1;8.9;25;;;;0;;27.2;0;515.9;275.9;5
VIS;01.01.2001 00:00;1.5;11.6;-8.5;0.1;-13.6;11.5;75.9;5.2;939.3;;1439;;;2;19.8;7.2;71.3;31.9;34;;;;868;51;20.9;0;574.3;326.3;29.7
VIS;01.02.2001 00:00;3;14.3;-8;1.9;-12;16.6;65.2;4.9;943.1;;1474.9;;;3.3;20.6;11.9;74.2;43.1;100;;;;7410;62;36.6;0;475.6;251.6;31.4
VIS;01.03.2001 00:00;8.3;20.5;-4.1;7.8;-8;22.2;68.1;7.3;934;;1413.5;;;3.6;23.1;13;83.2;98.4;125;;;;6842;36;65;0;353.6;121.6;68.3
VIS;01.04.2001 00:00;8;22.2;-2;7.6;-7.2;26.3;63.3;6.5;938.6;;1452.3;;;4.3;20.3;15.5;73.1;85.9;199;;;;10458;47;85.9;0;342.6;126.6;14.1
VIS;01.05.2001 00:00;16.5;32.5;2.4;15.8;-2.3;33.6;58.7;10.3;940.7;;1497.4;;;3.7;18.4;13.3;66.2;14.1;255;;;;15016;62;144;14.9;0;0;-113.7
VIS;01.06.2001 00:00;16.7;32;3;16.5;-1.8;33.6;61;11.1;942.8;;1516.1;;;3.6;20.4;13;73.4;92.8;278;;;;16594;69;145.8;23.7;9.8;1.8;-64
VIS;01.07.2001 00:00;19;31.2;6;18.7;2;33.1;65.6;13.8;941.8;;1514.9;;;2.9;19.1;10.4;68.8;68.2;249;;;;15324;63;143.7;49.6;0;0;-62.6
VIS;01.08.2001 00:00;19.2;32.9;6.9;18.7;1.4;36.8;69.8;14.9;943.6;;1531.2;;;2.3;16.8;8.3;60.5;34.9;224;;;;15736;67;122.7;45.6;0;0;-75.3
VIS;01.09.2001 00:00;12.3;24.2;1;11.7;-3.1;31.4;69.3;9.7;940.7;;1484.2;;;3.3;20;11.9;72;21.5;170;;;;10460;52;81.2;0;121.3;17.3;-42
VIS;01.10.2001 00:00;12.7;25.8;0.4;10.7;-5.2;29;69.5;9.8;946;;1531.3;;;2;17.8;7.2;64.1;14.3;127;;;;12242;80;59;0;101.7;29.7;-33.2
VIS;01.11.2001 00:00;2;13.7;-8.5;0.4;-12.7;17.3;80.2;5.7;945.7;;1493.9;;;1.7;18.8;6.1;67.7;29.2;44;;;;2272;44;18;0;540.1;300.1;20.5
VIS;01.12.2001 00:00;-3.2;11.2;-15.9;-5.4;-21.4;10.1;81.5;4.3;946;;1480.5;;;1.8;19.8;6.5;71.3;55.3;19;;;;0;;13.5;0;718.2;470.2;52.6
VIS;01.01.2002 00:00;-2.5;10.8;-12.5;-5.5;-15.1;12.8;78.9;4.2;951.3;;1525.3;;;1.3;17.1;4.7;61.6;16.1;26;;;;757;44;15.3;0;696.9;448.9;14
VIS;01.02.2002 00:00;4.8;15.9;-4.7;3.6;-8;16;68.5;5.8;943.1;;1481.5;;;3.3;21.3;11.9;76.7;63.1;79;;;;4626;39;36.8;0;424.2;200.2;55.3
VIS;01.03.2002 00:00;8.3;20.2;-2.7;7.5;-7.6;23.1;54.6;5.8;942.7;;1488.9;;;3.6;21.1;13;76;74.1;158;;;;12137;64;81.2;0;351.2;119.2;9.3
VIS;01.04.2002 00:00;10.7;21.9;-0.4;10.3;-5.3;26;54.1;6.6;938.5;;1459.9;;;3.6;19.1;13;68.8;21.4;208;;;;12631;57;102;0;216.6;48.6;-76.3
VIS;01.05.2002 00:00;13.1;26.4;0.4;12.7;0.1;29.4;65.8;9.4;940.2;;1482.5;;;3.6;18.4;13;66.2;114.5;224;;;;11798;49;117;1.2;97.4;33.4;16.6
VIS;01.06.2002 00:00;19.3;34.3;5.8;18.9;3.2;38.4;61.8;13.2;942.4;;1521.7;;;2.9;22.4;10.4;80.6;41.5;275;;;;16321;68;148.2;65.6;0;0;-104.9
VIS;01.07.2002 00:00;18.6;32.3;6.9;18.6;4.1;35.5;67.9;13.9;941.3;;1509.1;;;2.8;26.6;10.1;95.8;75.3;244;;;;14299;58;136.3;29.8;0;0;-45.5
VIS;01.08.2002 00:00;17.9;30.7;7.6;17.9;3.5;34.9;71.5;14.1;941.2;;1505.9;;;2.6;23.4;9.4;84.2;66.1;204;;;;12478;53;113.4;19.1;18.1;2.1;-21.7
VIS;01.09.2002 00:00;14;26.3;1.1;13.9;-2.7;30.3;73.9;11.8;942.4;;1503.9;;;2.2;19.3;7.9;69.5;22.9;162;;;;10472;52;73.9;1.4;88.3;24.3;-27.7
VIS;01.10.2002 00:00;9.9;20.7;-1.7;8.8;-5.7;23.5;72.7;8.8;941.1;;1480.2;;;2.4;19.4;8.6;69.8;39.1;105;;;;8517;56;46.5;0;281.1;73.1;5.4
VIS;01.11.2002 00:00;6.2;14.5;-1.8;4.9;-6.4;18.8;79.8;7.5;937.2;;1435.2;;;3.4;20.9;12.2;75.2;126.8;38;;;;1668;32;28.4;0;414.7;174.7;119.1
VIS;01.12.2002 00:00;2.6;12.1;-6.2;1;-10.1;11.4;82;6.1;941.3;;1459.3;;;1.8;19.3;7.2;69.5;36.7;24;;;;0;;17.8;0;538.7;290.7;33.7
VIS;01.01.2003 00:00;-1;9.3;-11.2;-2.8;-15;8.9;78.4;4.6;941;;1444.8;;;2;19.7;7.2;70.9;59.4;28;;;;191;11;17.1;0;652.4;404.4;57.6
VIS;01.02.2003 00:00;-3.4;10.6;-18.6;-2.7;-17;14.5;71.1;3.3;944;;1463;;;2.2;19.2;7.2;69.1;42.3;119;;;;9810;82;24.7;0;655.4;431.4;27.8
VIS;01.03.2003 00:00;7.3;21.2;-4.4;6.5;-8.7;24.9;56.8;5.4;946.6;;1519;;;1.9;15.9;6.8;57.2;5.3;181;;;;15633;82;67.2;0;386.7;146.7;-62.9
VIS;01.04.2003 00:00;10.8;23.4;-5.4;10.3;-12;27.7;49.4;6.2;939.7;;1470.9;;;4.5;22.9;16.2;82.4;11.7;224;;;;14592;66;114.8;0;188.3;68.3;-106.4
VIS;01.05.2003 00:00;15.7;30.3;0.4;15.4;-4.4;32.4;59.1;10.1;943.7;;1521.3;;;3.5;20.1;14.8;72.4;27;245;;;;14066;58;137.3;13.9;44.3;4.3;-92.8
VIS;01.06.2003 00:00;21.9;34.3;9.7;21.1;4;37.8;58.3;14.3;942.9;;1533.7;;;2.5;17.8;10.8;64.1;32.7;281;;;;17115;71;165.2;108;0;0;-126
VIS;01.07.2003 00:00;20.9;33.8;8.4;20.8;5.2;39.1;57.7;13.3;942.4;;1526.4;;;2.8;25.1;13.3;90.4;24.8;271;;;;17600;72;164.1;83.1;0;0;-149
VIS;01.08.2003 00:00;21.3;35.4;7.6;20.6;4.9;38.8;61.8;14.5;944.1;;1543.1;;;2.1;24.2;7.9;87.1;29.3;232;;;;17222;73;136.5;100.9;0;0;-116.4
VIS;01.09.2003 00:00;15.2;27.4;3.9;14.5;0.6;29;64.1;10.5;945.3;;1533.6;;;2.5;18;10.1;64.8;12.3;188;;;;15152;75;91.4;0;0;0;-82
VIS;01.10.2003 00:00;8.1;23.3;-5;7.1;-8.5;31.5;68;7.4;938.4;;1451.5;;;3.1;22.6;11.5;81.4;43;110;;;;9507;62;51;0;345.8;137.8;-6.5
VIS;01.11.2003 00:00;6;17.2;-3.7;4.3;-6.8;15.5;71.1;6.4;943;;1483.3;;;3;19.4;10.1;69.8;32.3;45;;;;2286;44;37.2;0;402.4;186.4;29.7
VIS;01.12.2003 00:00;1.3;14;-10.6;-0.5;-13.6;13.2;70.9;4.8;944;;1477.4;;;3.5;22.8;13;82.1;25.5;21;;;;0;;30.9;0;578.6;330.6;21.5
VIS;01.01.2004 00:00;0;10.4;-12.6;-1.7;-18.9;8.7;77;4.8;937.7;;1421.3;;;2.3;19.5;8.3;70.2;170.4;34;;;;527;31;17.4;0;621;373;168.2
VIS;01.02.2004 00:00;1.3;15.6;-8.3;0;-12;18.4;67.5;4.5;943.8;;1476.2;;;2.9;23.2;10.4;83.5;6.5;100;;;;7743;62;32.6;0;541.9;309.9;-6.2
VIS;01.03.2004 00:00;5.8;23;-7.9;5.3;-12.1;27.9;56.4;5;944.1;;1492.7;;;3.1;19.9;11.2;71.6;4.6;163;;;;11502;60;71.3;0;425.1;193.1;-51.8
VIS;01.04.2004 00:00;10.4;23;-3.2;10;-7;27.7;54.4;6.5;937.5;;1450.1;;;4.1;19.5;14.8;70.2;13.9;213;;;;12304;55;104.8;0;218.3;66.3;-82.2
VIS;01.05.2004 00:00;13.3;27.4;0.8;12.7;-3;31.6;57;8.2;938.9;;1471.5;;;3;17.8;10.8;64.1;38.7;258;;;;14840;61;127.2;1.2;97.8;25.8;-98.5
VIS;01.06.2004 00:00;17.8;31.5;5.3;17.6;2.1;33.5;58.3;11.2;943.3;;1524.5;;;3;19.9;10.8;71.6;40.3;269;;;;14476;60;145.8;24.4;0;0;-104.8
VIS;01.07.2004 00:00;19.2;33.9;4.6;19;1.3;36.9;59.4;12.6;943;;1525.9;;;3.3;20.8;11.9;74.9;29.7;253;;;;15301;63;150.7;46.3;0;0;-122.4
VIS;01.08.2004 00:00;19.3;33.8;6;19.1;2.4;35.9;63.1;13.4;941.1;;1509.5;;;3.2;18.3;11.5;65.9;46.7;226;;;;14966;64;137.8;48.8;0;0;-76.2
VIS;01.09.2004 00:00;16;28.9;4.4;15.7;1.8;32.9;66.5;11.8;945.6;;1539.2;;;2.7;19.8;9.7;71.3;14.2;189;;;;15180;75;92.5;12;35.9;3.9;-74.2
VIS;01.10.2004 00:00;11.8;25.5;0.5;11.1;-1.9;28.2;73.7;10;939.4;;1471.7;;;2.2;18;7.9;64.8;59.5;101;;;;7951;52;49.5;0;165.8;37.8;17.8
VIS;01.11.2004 00:00;3.2;20;-7.4;1.9;-9.6;20.2;75.9;6.1;944.6;;1488.9;;;2.1;22;7.6;79.2;51.1;38;;;;1433;28;24.7;0;499;267;53.6
VIS;01.12.2004 00:00;-2.5;13.9;-19.7;-3.5;-12.3;11.8;81.3;4.2;944.4;;1468.8;;;1.4;20.2;5;72.7;52.3;20;;;;0;;15.4;0;697.4;449.4;49.2
VIS;01.01.2005 00:00;-4.4;8;-18;-7.4;-25;5.9;79.4;3.7;948.1;;1493.2;;;1.7;21.4;6.1;77;38;30;;;;1088;63;13.5;0;757.4;509.4;28.6
VIS;01.02.2005 00:00;-2.8;7.2;-14.3;-3.9;-18.2;7.5;68.4;3.4;940.9;;1438.9;;;2;27.4;7.2;98.6;22.6;100;;;;7516;63;21.9;0;638.9;414.9;17.8
VIS;01.03.2005 00:00;5.8;22;-10.8;5.6;-13.8;25.9;58.8;5.6;941.2;;1468.9;;;2.4;20.1;8.6;72.4;16.9;167;;;;12355;65;64.3;0;425.8;193.8;-34.3
VIS;01.04.2005 00:00;10;27.9;-1.1;9.8;-5.6;30.4;58.2;6.8;939.3;;1465.2;;;3.4;17.3;12.2;62.3;50.8;194;;;;10963;49;94.5;0;252.2;76.2;-33.9
VIS;01.05.2005 00:00;15.4;32.3;1.1;15.3;-1.9;36.3;56.2;9.4;941.9;;1505;;1016.9;3.7;20.3;13.3;73.1;27.3;256;;;;15505;64;141.2;15.8;35.9;3.9;-111.7
VIS;01.06.2005 00:00;19.6;34.5;2.9;19.5;-0.6;36.9;56;12.2;943.5;;1532.1;;1018.6;2.9;23.4;10.4;84.2;30.6;286;;;;17585;73;163.1;66.6;0;0;-142.9
VIS;01.07.2005 00:00;19.6;33;7.4;18.8;3.5;33.2;60.1;13;942;;1518.5;;1017;3.2;23.7;11.5;85.3;41.8;251;;;;14976;61;154.3;60.8;0;0;-104.9
VIS;01.08.2005 00:00;16.8;29.2;5.4;16.1;-0.8;32.5;69.8;12.9;942.7;;1516.2;;1017.8;2.7;20;9.7;72;125.7;212;;;;13365;57;112.7;5.3;0;0;25.1
VIS;01.09.2005 00:00;15.9;29;5.3;15.3;1.9;32.9;70.6;12.4;943.8;;1523.1;;1019;2.5;17.4;9;62.6;21;163;;;;11488;56;84.5;14.8;26.6;2.6;-44.6
VIS;01.10.2005 00:00;9.9;20.3;0;8.5;-3.2;25.2;72.1;8.5;945.5;;1518;;1020.7;1.5;16.4;5.4;59;33.9;116;;;;10576;68;44.7;0;283.1;67.1;-6.6
VIS;01.11.2005 00:00;2.3;18.5;-16.1;0;-23.1;19.5;74.6;5.7;942.4;;1468.4;;1017.5;1.6;18;5.8;64.8;9.1;46;;;;2524;;21.7;0;516.7;292.7;-1
VIS;01.12.2005 00:00;-3.2;8.7;-13.8;-4.8;-18.5;7.3;78.8;3.9;942.5;;1450.6;;1017.5;2.1;21.5;7.6;77.4;57.5;24;;;;0;;14.2;0;720.6;472.6;51.8
VIS;01.01.2006 00:00;-5.1;12.3;-19.6;-4.2;-14.1;11;79.4;3.5;946.5;;1478.1;;1021.9;2;19.8;7.2;71.3;23.1;31;;;;757;;17.4;0;776.7;528.7;23.6
VIS;01.02.2006 00:00;0.4;9.1;-9.3;-0.2;-12.8;11.8;70.7;4.5;938.5;;1429.2;;1013.3;2.2;19;7.9;68.4;66.3;87;;;;5834;48;24.5;0;548.1;324.1;57.2
VIS;01.03.2006 00:00;3.6;21.7;-11.7;2.8;-15.5;26.4;65.4;5.3;936.5;;1421.9;;1011.1;2.8;19.6;10.1;70.6;135.4;152;;;;9953;52;53.8;0;502.2;262.2;94.5
VIS;01.04.2006 00:00;10.3;22.5;-2;9.9;-6.1;25.8;60.3;7.2;939.5;;1468.1;;1014.4;3.1;20.2;11.2;72.7;28.1;214;;;;11938;54;92.7;0;233.4;65.4;-56.9
VIS;01.05.2006 00:00;14.5;27.4;-0.3;14.2;-3.9;28.7;58.9;9.4;942.6;;1507.5;;1017.6;3.9;21.6;14;77.8;53;233;;;;11691;48;130;1.4;55.1;15.1;-53.5
VIS;01.06.2006 00:00;18.6;32.3;-0.5;18.2;-4;36.3;56.9;11.8;944.9;;1541.3;;1020.1;2.6;22.6;9.4;81.4;17.4;278;;;;17005;71;151.1;54.3;31.6;7.6;-146.5
VIS;01.07.2006 00:00;22.3;35;11.1;21.6;6.3;38;59.3;14.9;945;;1554.3;;1020.3;2.4;21.8;8.6;78.5;22.2;266;;;;17820;73;165.1;126.1;0;0;-148
VIS;01.08.2006 00:00;16.4;27.3;3.9;15.9;-0.1;31.1;63.2;11.3;939.5;;1486.3;;1014.3;3.9;21.6;14;77.8;56.2;221;;;;12669;54;128.7;10.9;8;0;-52.3
VIS;01.09.2006 00:00;17;28.8;4.6;16.3;0.7;33;69.2;13;942.6;;1516.1;;1017.7;2.7;18.4;9.7;66.2;25.6;164;;;;11803;58;90.4;10.1;0;0;-41.8
VIS;01.10.2006 00:00;12.3;24.1;-0.1;10.9;-3.1;27.2;67.9;9.4;942.5;;1499.2;;1017.5;2.6;23.2;9.4;83.5;22.3;116;;;;10216;67;61.9;0;157.8;29.8;-19.7
VIS;01.11.2006 00:00;6.2;17.3;-8.3;4.3;-12.3;18;65.2;6.1;946;;1510.1;;1021.3;3.2;20.4;11.5;73.4;20.2;52;;;;3228;62;41.3;0;391.3;183.3;3.1
VIS;01.12.2006 00:00;-1;14.6;-10.8;-3.7;-13.7;13.8;83;4.9;950.3;;1522.1;;1026;1.3;18.1;4.7;65.2;52.9;19;;;;0;;14.6;0;650.4;402.4;48.6
VIS;01.01.2007 00:00;1.5;14.9;-12.5;-0.2;-13.9;14.1;81.8;5.7;947.1;;1504.7;;1022.5;2.1;19.5;7.6;70.2;71.7;36;;;;920;54;17.6;0;573.3;325.3;71.3
VIS;01.02.2007 00:00;3;14.2;-8;1.6;-12.5;19;71.9;5.3;939.2;;1442.8;;1014;2;19.1;7.2;68.8;42.1;89;;;;6159;51;27.2;0;476.6;252.6;32.5
VIS;01.03.2007 00:00;6.6;19.6;-4.5;6.1;-8.9;23.7;57.9;5.4;940.2;;1462.8;;1015.1;3.6;;13;;69.5;157;;;;10788;57;;0;414.1;166.1;16.4
VIS;01.04.2007 00:00;14.5;27.3;-1.8;13.5;-4;34.5;49.9;7.7;943;;1511.1;;1018.1;2.9;15.9;10.4;57.2;10.4;248;;;;18409;83;127;1;60.8;12.8;-127.4
VIS;01.05.2007 00:00;14.7;30.6;1;14.2;-3.3;34.4;62.2;10;938.6;;1473.7;;1013.4;4.2;19.8;15.1;71.3;139.9;223;;;;11621;48;127.4;10.1;88.3;16.3;31.4
VIS;01.06.2007 00:00;18;30.8;5.5;17.8;-11.9;40.2;64.6;12.9;939.7;;1492.9;;1014.5;3.2;;11.5;;54.7;262;;;;13714;57;;25.3;10.2;2.2;-54.8
VIS;01.07.2007 00:00;18.6;31.3;7.7;18.2;;;64;13.2;942;;1515.2;;1017;4.1;;14.8;;82.3;261;;;;15792;65;;43.7;0;0;-57.2
VIS;01.08.2007 00:00;17.7;30.5;6.5;16.9;3.4;32.4;70.9;14;941.3;;1506.6;;1016.3;2.6;16.3;9.4;58.7;113.6;208;;;;13367;57;112.7;26.3;10.4;2.4;17.4
VIS;01.09.2007 00:00;13.6;25.9;2.1;12.9;-1.1;29.9;68.6;10.4;944.2;;1519.3;;1019.4;2.8;21.4;10.1;77;18.7;188;;;;14478;72;85.2;0.1;77.5;13.5;-64.6
VIS;01.10.2007 00:00;8.9;23.5;-5.2;7.7;-9.2;27.5;73.4;8.6;945.9;;1518.2;;1021.2;1.9;18.2;6.8;65.5;15.4;125;;;;12282;80;46.6;0;306.5;114.5;-26.5
VIS;01.11.2007 00:00;2.5;13.3;-14.9;1;-13.1;16;71.8;5.3;943.7;;1479.2;;1018.8;4.1;;14.8;;34.4;51;;;;3198;61;;0;516.6;284.6;22.5
VIS;01.12.2007 00:00;-1.9;8.4;-11.3;-4.2;-14.3;10.1;82.8;4.6;948;;1499.9;;1023.5;1.7;19.6;6.1;70.6;90.7;20;;;;0;;13.2;0;678.5;430.5;87.7
VIS;01.01.2008 00:00;1.6;9.8;-12.6;-0.2;-16.1;10.8;71.9;4.9;946.8;;1501.5;;1022.1;2.9;24.2;10.4;87.1;56;31;;;;638;37;27.4;0;571.4;323.4;53.5
VIS;01.02.2008 00:00;3.2;21.1;-8.9;1.8;-11.4;24;63.8;4.9;950.5;;1538.1;;1026.2;2.1;18.9;7.6;68;7.1;112;;;;9684;77;34.4;0;488.6;256.6;-8.3
VIS;01.03.2008 00:00;5.5;19.3;-8.4;5;-13;23.3;57.8;5.2;934.4;;1409.2;;1008.8;4.8;24.4;17.3;87.8;73.4;152;;;;9175;48;72.8;0;442.6;202.6;28
VIS;01.04.2008 00:00;9.5;22.5;-3.1;;;;58.2;6.7;936.1;;1435.7;;1010.7;4.9;19.4;17.6;69.8;20.5;206;;;;10702;48;100.9;0;269.6;85.6;-59.8
VIS;01.05.2008 00:00;16.3;26;4.6;;;;55.6;9.8;939.3;;1484.5;;1014.1;4.1;21.9;14.8;78.8;42.2;244;;;;12419;51;143.6;6;8.8;0.8;-76.5
VIS;01.06.2008 00:00;18.4;32.5;7.6;;;;67.2;13.6;941.9;;1515.5;;1017;2.6;16.1;9.4;58;54.3;261;;;;13057;54;138.4;52.7;0;0;-59.3
VIS;01.07.2008 00:00;19;32;7.3;;;;65.8;13.9;942.3;;1519.9;;1017.4;3.4;23.3;12.2;83.9;70.8;272;;;;16033;66;155.4;38.6;0;0;-68.6
VIS;01.08.2008 00:00;18.6;29.9;8.4;;;;71.1;14.7;941.8;;1514.4;;1016.9;2.7;20.4;9.7;73.4;54.6;235;;;;15363;66;124.5;28.8;0;0;-46.4
VIS;01.09.2008 00:00;13.9;28.3;1.9;;;;75.1;11.8;942.3;;1503.8;;1017.5;2.3;20.1;8.3;72.4;50.2;176;;;;11987;59;77.1;7.4;145.1;17.1;-7.4
VIS;01.10.2008 00:00;9.9;21.6;-3.3;9.1;-5.2;26;76.4;9.2;943.8;;1502.8;;1018.8;2.2;20.7;7.9;74.5;46.6;115;;;;8879;58;44.7;0;242.4;74.4;15
VIS;01.11.2008 00:00;3.7;19.2;-14.9;1.9;-16.1;21.2;79.4;6.4;940.8;;1457.2;;1015.6;3.4;27.1;12.2;97.6;121.1;43;;;;2056;44;28.8;0;477.8;253.8;110.8
VIS;01.12.2008 00:00;0.8;12.2;-10.5;-0.8;-13.8;11.5;78.9;5.1;942.3;;1460.6;;1017.2;2.8;19;10.1;68.4;53.9;20;;;;0;;24.2;0;595.9;347.9;49.2
VIS;01.01.2009 00:00;-4.8;4.4;-15.6;-8;-18.2;2.3;86.3;3.8;939;;1415.4;;1013.6;1.1;17.3;4;62.3;26.9;30;;;;863;62;9.8;0;767.4;519.4;29.4
VIS;01.02.2009 00:00;1.2;11.9;-13.2;0.2;-14.2;17.2;69.6;4.7;938.6;;1429.9;;1013.2;3.8;21.9;13.7;78.8;36.2;94;;;;5810;49;31.5;0;525.9;301.9;26.2
VIS;01.03.2009 00:00;5;18;-6.3;4.3;-10.6;22.7;64.9;5.4;939.2;;1447.5;;1013.9;3.6;23.8;13;85.7;38.8;156;;;;10045;53;63.3;0;464.1;216.1;-5
VIS;01.04.2009 00:00;11.4;22.2;1.1;11.2;-3.3;29.5;57.7;7.3;938.9;;1464.6;;1013.6;4.4;20.9;15.8;75.2;118.8;209;;;;11521;52;106.7;0;157.5;37.5;32.9
VIS;01.05.2009 00:00;15.7;33.3;-0.1;15.6;-3.1;37.4;61;10.4;944.4;;1526.2;;1019.4;3;26.2;10.8;94.3;28.9;252;;;;13171;54;133.9;15.8;36.1;4.1;-82
VIS;01.06.2009 00:00;17.7;30.5;4.5;18.5;1.1;39.3;61.6;12.1;940.9;;1501.2;;1015.7;3.4;20.8;12.2;74.9;32.9;286;;;;14112;59;152;21.6;0;0;-94.2
VIS;01.07.2009 00:00;19.7;32.2;7.1;19.7;2.9;42.1;62.7;13.8;942.6;;1522.7;;1017.5;3.8;24.2;13.7;87.1;38.4;272;;;;15798;65;160.9;59;0;0;-102
VIS;01.08.2009 00:00;20.3;33.6;5.5;20.9;2.4;41.1;66.2;14.9;943.9;;1536.6;;1018.9;2.5;21.3;9;76.7;46.8;250;;;;17460;74;139.5;68.7;0;0;-85.4
VIS;01.09.2009 00:00;16.1;30.5;3.3;15.5;-0.2;34.1;70.2;12.3;944.5;;1527.5;;1019.5;2.6;21.4;9.4;77;23;197;;;;14547;72;93.8;3.6;0;0;-54
VIS;01.10.2009 00:00;9.7;25.6;-5.6;8.7;-10.1;32.7;68.9;8.4;942.9;;1493.7;;1017.8;3;27.1;10.8;97.6;16;118;;;;9944;65;54.9;0;266.1;98.1;-27
VIS;01.11.2009 00:00;6.2;18.8;-3.3;4.4;-8;20.6;78.5;7.4;939.1;;1450.5;;1013.8;2.1;20.8;7.6;74.9;87.6;45;;;;1657;35;25.8;0;414.5;174.5;78.8
VIS;01.12.2009 00:00;0.2;12.5;-10.6;-1.7;-14.6;9.4;78.7;5.1;934.5;;1393.5;;1008.9;2.4;23.6;8.6;85;51.2;26;;;;0;;16.8;0;613.7;365.7;49.5
VIS;01.01.2010 00:00;-2.3;6.4;-14.4;-4.1;-16.5;4.8;78;4.1;937.4;;1410.8;;1012;2;19.1;7.2;68.8;19.3;32;;;;297;21;14.6;0;689.8;441.8;17.3
VIS;01.02.2010 00:00;1.2;12.7;-18.2;1.1;-13.2;16.1;65.5;4.3;931.3;;1368.7;;1005.5;3.9;23.5;14;84.6;9.2;101;;;;6463;55;37.7;0;526.9;302.9;-2.3
VIS;01.03.2010 00:00;5.8;20.2;-6.8;5.7;-9.7;24.6;56.7;5.2;941.1;;1466.2;;1015.9;4;19.9;14.4;71.6;21.5;154;;;;9670;51;74.1;0;419.4;195.4;-25.6
VIS;01.04.2010 00:00;10.9;24.9;-3.5;10.9;-5.6;29.9;54.9;6.9;941.9;;1489.1;;1016.8;3;17.9;10.8;64.4;9.6;236;;;;14116;64;105.5;0;223.2;63.2;-93
VIS;01.05.2010 00:00;13.2;29.4;1.7;13.5;-0.3;32.4;66.5;9.6;937.8;;1460.6;;1012.4;3.7;21.2;13.3;76.3;120.3;241;;;;11123;46;121.5;2.7;116;20;24.7
VIS;01.06.2010 00:00;18.3;31.9;5.9;18.4;0.4;37.6;62.8;12.7;939.5;;1491.1;;1014.2;3.9;20.9;14;75.2;13.4;271;;;;12973;54;152.7;38.8;8.2;0.2;-106.6
VIS;01.07.2010 00:00;20.9;33.8;7.2;20.3;2.4;39.3;63.7;15;943.3;;1533.1;;1018.3;3.4;23.6;12.2;85;30.3;279;;;;16782;69;167.6;94.8;0;0;-116
VIS;01.08.2010 00:00;17.7;31.7;4.8;17.8;1.1;38.6;70.2;13.9;942.1;;1512.3;;1017;3.1;19.8;11.2;71.3;61;219;;;;12230;52;118;26.7;0;0;-31
VIS;01.09.2010 00:00;14.1;26.6;1;13.7;-1.1;34;68.9;10.7;941.3;;1493.9;;1016.2;2.6;17.3;9.4;62.3;19.9;182;;;;12278;61;85;0.8;60.2;12.2;-52.1
VIS;01.10.2010 00:00;9.8;23;-3.1;8.9;-6.3;28.4;71.3;8.5;939.8;;1466.5;;1014.5;3;22;10.8;79.2;36.7;117;;;;8833;58;55.5;0;256.9;96.9;-3.5
VIS;01.11.2010 00:00;5;17.9;-7.6;3.5;-14.9;21.4;74.2;6.6;933.9;;1402.6;;1008.3;3.1;21;11.2;75.6;54;50;;;;2281;49;29.2;0;436.4;212.4;47.5
VIS;01.12.2010 00:00;-1.1;12.3;-12.4;-3.2;-17.6;11.2;76.9;4.4;937;;1410;;1011.6;2.9;21.3;10.4;76.7;49.8;25;;;;0;;20.8;0;654.8;406.8;46.4
VIS;01.01.2011 00:00;-1.1;12.4;-15.4;-4.1;-18.5;12.7;75.9;4.4;943.8;;1467.8;;1018.8;1.6;17.4;5.8;62.6;14.2;31;;;;939;67;18.9;0;652.7;404.7;11.7
VIS;01.02.2011 00:00;2;13.8;-9.7;0.3;-14.1;22.9;68;4.6;942.8;;1468.2;;1017.7;2;17.2;7.2;61.9;9;98;;;;7250;61;28.8;0;503.8;279.8;-1.7
VIS;01.03.2011 00:00;7.6;21.5;-6.3;6.9;-10;29.5;60.2;6;944.3;;1498.7;;1019.3;3.3;19.5;11.9;70.2;20.1;171;;;;13019;69;76.3;0;377.3;137.3;-33.3
VIS;01.04.2011 00:00;13.3;26.8;-0.5;12.5;-6.2;34.3;51.8;7.4;942.2;;1499.2;;1017.1;3.4;19.6;12.2;70.6;1.2;253;;;;17107;77;121.2;0;79.9;15.9;-125.3
VIS;01.05.2011 00:00;16.3;29.7;0.5;15.8;-4.7;37.9;56.4;9.8;943.5;;1520.3;;1018.5;3.4;22.8;12.2;82.1;33.7;277;;;;16582;69;151.1;11.2;17.7;1.7;-127.4
VIS;01.06.2011 00:00;17.9;33.7;3.9;18.2;3.2;40.2;63.8;12.6;942.4;;1515.9;;1017.3;3.5;21.9;12.6;78.8;62.7;259;;;;12588;52;143;29.2;11;3;-39.9
VIS;01.07.2011 00:00;17.7;30.3;6.1;17.4;2.2;36.7;64;12.5;939.3;;1487.5;;1014;3.6;20.1;13;72.4;64.9;264;;;;14180;58;146.2;26;0;0;-66.8
VIS;01.08.2011 00:00;20.3;34.3;6.9;19.6;5.6;35.7;60.9;13.8;942.3;;1522;;1017.2;3.1;21.8;11.2;78.5;34.4;253;;;;17175;73;151.4;73.6;0;0;-108
VIS;01.09.2011 00:00;16.7;30.4;4.1;15.9;0.9;31.3;70.5;13;944.5;;1530.1;;1019.5;2.3;20.3;8.3;73.1;26.3;185;;;;14246;71;88.1;12.2;18.6;2.6;-48
VIS;01.10.2011 00:00;9.1;24.8;-3.7;7.7;-8.8;28.4;72.1;8.2;946.5;;1523.2;;1021.7;2.6;22.1;9.4;79.6;56.2;129;;;;12024;78;49.8;0;287.1;103.1;13
VIS;01.11.2011 00:00;3.7;16.7;-6.6;0.9;-10;20.4;73.2;5.9;946.6;;1505.1;;1021.7;2.5;18.8;9;67.7;24.2;41;;;;2586;55;31.6;0;445.2;253.2;12.1
VIS;01.12.2011 00:00;1.1;12.5;-9.4;-0.7;-11.4;10.7;83.5;5.6;944.4;;1479.2;;1019.4;2.7;20.3;9.7;73.1;169.2;20;;;;0;;16.9;0;585.4;337.4;166.6
VIS;01.01.2012 00:00;0.2;10.3;-12.9;-2.1;-14.9;9.6;80.7;5.1;947;;1497.7;;1022.2;3.1;25.6;11.2;92.2;47.7;28;;;;168;12;19.8;0;613;365;46.3
VIS;01.02.2012 00:00;-2.4;16.6;-15.1;-3;-17;22.3;63.8;3.4;946.8;;1488.3;;1022;2.3;26.8;8.3;96.5;0;109;;;;9060;74;25.9;0;650;418;-15
VIS;01.03.2012 00:00;8.5;22.6;-6;8;-8.9;27.4;53.8;5.5;949.4;;1545.7;;1024.7;2.9;20.8;10.4;74.9;4.9;193;;;;15627;82;84.7;0;328.4;112.4;-72.2
VIS;01.04.2012 00:00;10.3;25.3;-2.4;10.4;-6.3;28.9;59.7;7.2;932;;1401.4;;1006.3;4.7;23.7;16.9;85.3;40.5;204;;;;9162;41;102.1;2.4;250.9;74.9;-34.4
VIS;01.05.2012 00:00;15.1;29.4;-1.7;15.2;-5.3;34.8;58.4;9.5;941.1;;1494.7;;1015.9;3.6;22.8;13;82.1;34.9;279;;;;15089;62;144.5;5.8;54.2;6.2;-87.6
VIS;01.06.2012 00:00;19.4;32.9;6.3;19.4;2;36.8;60.6;13.1;941;;1507.7;;1015.8;3.9;23.3;14;83.9;33.5;268;;;;13810;58;160.7;61.6;0;0;-99.1
VIS;01.07.2012 00:00;19.5;33;5.5;19.7;1.2;40.4;62.8;13.6;942.2;;1518.5;;1017.1;3.3;26.6;11.9;95.8;59;277;;;;16236;66;159.8;43.8;0;0;-91.5
VIS;01.08.2012 00:00;19.9;33.6;7.9;20.3;3.8;42;67.5;15;943.7;;1533.6;;1018.7;2.6;20.7;9.4;74.5;32.7;237;;;;16791;72;131;63.3;0;0;
VIS;01.09.2012 00:00;15;28.2;2.1;14.8;-2.1;33.2;71.4;11.9;942.3;;1505.7;;1017.2;2.7;23.8;9.7;85.7;37.1;184;;;;12881;64;85.1;1.2;53;5;-31.2
VIS;01.10.2012 00:00;10.8;25.1;-3.4;10.1;-6.4;27.5;73.9;9.6;939.5;;1468.4;;1014.2;2.8;21.3;10.1;76.7;59.5;115;;;;8983;59;53.8;0;193.4;65.4;24.9
VIS;01.11.2012 00:00;4.9;17.4;-6.2;3;-8.2;19.2;76.4;6.6;939.8;;1451.5;;1014.5;2.1;22.3;7.6;80.3;56.1;47;;;;2682;57;26.1;0;445.3;213.3;46.1
VIS;01.12.2012 00:00;-0.3;10.1;-17.4;-1.6;-10.9;2.9;81.9;5;941.5;;1451;;1016.3;2.5;20.1;9;72.4;177.7;26;;;;0;;15.7;0;628.5;380.5;175.2
VIS;01.01.2013 00:00;-0.8;8.9;-11.1;-3.4;-14.6;8;76.4;4.5;940;;1436.5;;1014.8;1.8;22.6;6.5;81.4;34.3;34;;;;734;53;16;0;644.8;396.8;31.3
VIS;01.02.2013 00:00;-1;10.6;-11.8;-2.2;-17.3;11;70.6;4;937.8;;1417.3;;1012.3;2.6;21.2;9.4;76.3;59.5;103;;;;6542;55;23.9;0;587.4;363.4;49.8
VIS;01.03.2013 00:00;5.4;17.9;-6.8;5.1;-9.7;24.3;59.6;5.2;931.6;;1383.7;;1005.9;4.7;22.7;16.9;81.7;11.9;153;;;;8644;45;71.8;0;453.5;205.5;-27.6
VIS;01.04.2013 00:00;10.9;26.2;-3;11;-6.4;31.4;62.1;7.8;939.3;;1466.9;;1014;3.5;24.3;12.6;87.5;84.3;210;;;;11012;50;99.2;0;227;67;5.9
VIS;01.05.2013 00:00;12.2;23.9;2.4;12.7;-0.6;31.2;64.9;9;937.3;;1452.8;;1011.9;4.7;25.5;16.9;91.8;103.3;237;;;;9839;41;115.9;0;163.1;27.1;15.5
VIS;01.06.2013 00:00;17.6;32.6;4.9;18.2;0.2;37.8;59.9;11.5;943.1;;1520.9;;1018.1;3.9;19.8;14;71.3;32.1;282;;;;14334;60;159.2;38.2;17.9;1.9;-96
VIS;01.07.2013 00:00;21.1;33.2;8.9;21.5;4.8;41;63;15;944.8;;1546.8;;1019.8;2.7;18.8;9.7;67.7;38.1;289;;;;17599;72;165.9;88.1;0;0;-116.7
VIS;01.08.2013 00:00;19.2;32.7;7.7;19.4;3.9;37.3;67.1;14.4;943.8;;1532;;1018.8;2.5;19.4;9;69.8;39;244;;;;15872;68;131.3;43.9;0;0;-78.9
VIS;01.09.2013 00:00;15.5;29;4.5;15.1;0.2;33.6;70.7;12.2;942.5;;1508.8;;1017.4;2.7;17.3;9.7;62.3;45.5;189;;;;12612;63;89.6;6.4;8.4;0.4;-23.8
VIS;01.10.2013 00:00;12.8;24.1;0.8;12.1;-1.1;28.2;72;10.6;943.6;;1509.8;;1018.6;2.5;19.8;9;71.3;45.3;116;;;;8226;54;54.5;0;128.7;32.7;12.7
VIS;01.11.2013 00:00;3.1;17.5;-9.9;1.6;-14.4;19.2;82.9;6.5;940.8;;1454.7;;1015.6;2.2;19.3;7.9;69.5;96.8;44;;;;1899;40;19.8;0;498.9;266.9;90.2
VIS;01.12.2013 00:00;-0.4;11.2;-10.7;;;;79.2;4.7;948.7;;;;;2.5;21.8;9;78.5;23.3;19;;;;0;;19.8;0;633.1;385.1;
VIS;01.01.2014 00:00;2.2;12;-9.1;0.7;-13.3;11.9;75.9;5.4;937.1;;1421.7;;1011.7;2.9;25.3;10.4;91.1;33.9;34;;;;561;40;24.7;0;550.5;302.5;31.8
VIS;01.02.2014 00:00;3.9;12.7;-4.6;3.4;-6.3;15.8;71.2;5.6;937.1;;1426.3;;1011.6;3.6;22.3;13;80.3;75.4;87;;;;5026;43;37.5;0;449.8;225.8;59.9
VIS;01.03.2014 00:00;7.4;21.5;-3.2;7;-6.3;27.1;58.4;5.6;941.6;;1475.6;;1016.4;3.1;21.6;11.2;77.8;16.2;183;;;;13373;70;77.7;0;368.6;144.6;-40.7
VIS;01.04.2014 00:00;11.7;23;-1.8;11.5;-5.7;28.6;60.1;7.8;939;;1466.2;;1013.7;3.5;24.7;12.6;88.9;89.9;217;;;;12443;56;104.9;0;151.9;39.9;2.2
VIS;01.05.2014 00:00;13.8;24.6;-1.1;14.3;-3.9;30.9;58.5;8.8;941.1;;1490.9;;1015.9;4.2;24.2;15.1;87.1;28.6;261;;;;12335;51;139.2;1.2;87.8;15.8;-82.1
VIS;01.06.2014 00:00;18.8;34.3;5.2;18.6;1.1;39.5;57.8;11.8;941.9;;1513.7;;1016.7;3.1;18.3;11.2;65.9;22;294;;;;15638;65;159.9;40;0;0;-130.2
VIS;01.07.2014 00:00;18.5;33.1;6.7;18.7;3.1;35.9;69.9;14.3;941.1;;1506.1;;1015.9;3.5;23.1;12.6;83.2;101;230;;;;10594;43;133.2;39.5;8.5;0.5;7.1
VIS;01.08.2014 00:00;17.4;28.2;5.1;17.6;2.7;33.8;70;13.5;941.3;;1503.8;;1016.1;2.9;20.2;10.4;72.7;62.8;229;;;;12674;54;120.2;14.9;0;0;-29.4
VIS;01.09.2014 00:00;15.7;28.3;2.9;15.4;0.2;32.9;70.6;12.3;943.3;;1516.9;;1018.3;2.6;18.4;9.4;66.2;7.8;185;;;;12759;63;88.6;0.9;25.5;1.5;-61.3
VIS;01.10.2014 00:00;12.1;23.7;-2.3;11.1;-4.8;26.3;73.5;10.3;944.2;;1512.5;;1019.2;2.8;23;10.1;82.8;30;124;;;;10047;65;57.8;1.7;152.2;56.2;-5.8
VIS;01.11.2014 00:00;8;17.3;-1.8;6.5;-4.9;21.6;75.3;7.9;938.4;;1449.3;;1013;3.6;21.3;13;76.7;111;48;;;;2392;51;36.6;0;335;127;97.3
VIS;01.12.2014 00:00;2.1;12.2;-10.7;0.7;-10.4;11.8;80.8;5.9;945.4;;1491.1;;1020.6;1.9;18.4;6.8;66.2;38.2;23;;;;0;;15.8;0;553.4;305.4;38.5
VIS;01.01.2015 00:00;1;13.1;-12.2;-0.7;-12;11.5;77.3;5.1;943.8;;1473.5;;1018.8;2.8;26.2;10.1;94.3;51.9;32;;;;323;23;22.4;0;590.3;342.3;49.5
VIS;01.02.2015 00:00;0.2;10.6;-12.5;0.2;-12.1;15.1;74.4;4.5;940.1;;1440.4;;1014.8;2.8;17.4;10.1;62.6;12.1;99;;;;6084;52;27.1;0;553.2;329.2;3.6
VIS;01.03.2015 00:00;7.2;19.1;-5.4;6.9;-8.5;24.1;60.7;6;944;;1495.3;;1019;4.2;24.9;15.1;89.6;87.6;154;;;;10126;53;71.5;0;396.4;148.4;43.2
VIS;01.04.2015 00:00;11.2;24;-4.7;11.1;-9.1;29.4;54.6;7;944.3;;1510.7;;1019.3;3.8;22.6;13.7;81.4;23.9;239;;;;14156;64;107.5;0;151.7;47.7;-91.9
VIS;01.05.2015 00:00;14.5;29.5;0.4;14.9;-1.4;34.6;65;10.2;942;;1501;;1016.9;3;20;10.8;72;119.7;250;;;;12912;53;126.3;2.7;71.5;15.5;24.3
VIS;01.06.2015 00:00;19.4;32.6;7.6;19.6;3.6;38.4;60;12.8;944;;1535.1;;1019;3.6;19.4;13;69.8;34.8;297;;;;15940;66;165.5;45.3;0;0;-110.4
VIS;01.07.2015 00:00;22.6;36.6;6.9;22.2;2.7;41.3;57.7;14.9;942.9;;1534.8;;1017.8;3.1;21.5;11.2;77.4;64.3;292;;;;18172;74;180.7;135;0;0;-114.9
VIS;01.08.2015 00:00;19.7;35.2;7.2;19.4;4.1;38.3;68.7;15;943;;1527;;1018;2.4;17.1;8.6;61.6;91.5;233;;;;15141;65;127.7;64.6;0;0;-19.7
VIS;01.09.2015 00:00;14;25.3;1.4;13.3;-2.6;27;68.6;10.6;942.5;;1503.8;;1017.4;3.3;20.4;11.9;73.4;19.3;183;;;;12241;61;89.7;2.5;72.6;8.6;-49.1
VIS;01.10.2015 00:00;10.1;23.1;-0.9;9.5;-2.7;26.2;73.7;8.8;942.7;;1493.5;;1017.6;2.6;18;9.4;64.8;41.2;118;;;;8839;58;54.2;0;257;73;7.2
VIS;01.11.2015 00:00;5;22.1;-9.6;3;-11.5;23.5;75.1;6.3;948;;1522;;1023.2;2.2;20.2;7.9;72.7;72.1;56;;;;4204;89;32;0;442.7;218.7;55.3
VIS;01.12.2015 00:00;-0.3;7.6;-7.7;-3.1;-10.5;8;85.5;5.2;955;;1562.3;;1030.7;0.9;8.6;3.2;31;5.2;17;;;;0;;12.3;0;628.1;380.1;2.4
VIS;01.01.2016 00:00;0.9;10.4;-9.2;-0.8;-10.5;12.3;79.9;5.3;941.8;;1456.3;;1016.6;2.2;19.8;7.9;71.3;117.4;32;;;;648;46;16.9;0;593.6;345.6;115.3
VIS;01.02.2016 00:00;3.6;12.6;-5.6;2.9;-9.1;16.9;76.6;6;939.1;;1442;;1013.8;3.5;23.8;12.6;85.7;93.6;79;;;;4243;34;31;0;475;243;87
VIS;01.03.2016 00:00;5.7;20.4;-6;5.3;-10.5;26.8;58.3;5.1;938.2;;1441.1;;1012.8;3.7;20.9;13.3;75.2;16.8;175;;;;11818;62;73.4;0;429.7;197.7;-38
VIS;01.04.2016 00:00;10.8;23.2;-4.2;10.7;-11.6;27.7;58.5;7.3;937.8;;1453.1;;1012.4;5;20.3;18;73.1;50.8;222;;;;10695;48;109;0;211.4;59.4;-40.8
VIS;01.05.2016 00:00;13.7;26.7;0.7;13.8;-4.8;30.7;59.4;8.9;939.4;;1475.3;;1014.1;4.7;20.7;16.9;74.5;75.9;251;;;;12152;50;138.6;4.2;108.7;20.7;-26.3
VIS;01.06.2016 00:00;17.6;35.3;6;17.9;0.3;39.5;66.1;12.6;941.1;;1503;;1015.9;2.9;21.7;10.4;78.1;35.5;270;;;;12194;51;141.2;27.8;0;0;-74.8
VIS;01.07.2016 00:00;20.5;33.9;4.5;20.2;0.1;38.1;61.6;14.1;944.3;;1540.3;;1019.3;3.2;21.7;11.5;78.1;23.8;295;;;;17395;71;170.9;79.9;0;0;-138.5
VIS;01.08.2016 00:00;19.8;32.4;6;19.6;3.2;37.7;62.3;13.7;945.6;;1550.5;;1020.8;3.1;19.3;11.2;69.5;13.7;257;;;;17245;74;145.7;58.7;0;0;-127.1
VIS;01.09.2016 00:00;16.7;29.1;4.7;15.9;-0.3;36.4;68.7;12.5;945;;1534.4;;1020;2.5;18;9;64.8;26.3;190;;;;13441;67;93.4;17.3;0;0;-51.6
VIS;01.10.2016 00:00;9.1;21.2;-2.5;8.1;-7;23.9;73.6;8.4;945;;1510;;1020.1;2.3;21.9;8.3;78.8;34.3;115;;;;9059;59;47;0;306.6;98.6;0.2
VIS;01.11.2016 00:00;5;16.3;-7.9;3.4;-11.5;19.2;77.9;6.8;941.9;;1470;;1016.8;3.1;19.3;11.2;69.5;62.2;48;;;;1913;41;30;0;423.1;215.1;54
VIS;01.12.2016 00:00;-3.3;12.1;-12.7;-6.8;-14.9;11.3;85;4.1;954.3;;1546.4;;1030;1.4;22.4;5;80.6;0.1;16;;;;0;;14.1;0;721;473;-2.6
VIS;01.01.2017 00:00;-3.3;9.8;-14;-6;-18.4;10.4;78;3.8;946.2;;1480.2;;1021.4;2.4;21.1;8.6;76;33.5;29;;;;585;42;19.3;0;722.9;474.9;30.2
VIS;01.02.2017 00:00;5;19.7;-5.1;3.9;-9.6;23.7;64.8;5.4;943.2;;1481;;1018.1;3.2;20.8;11.5;74.9;27.6;104;;;;7565;64;43.3;0;419.6;195.6;14.6
VIS;01.03.2017 00:00;8.9;22.5;-1.8;8.2;-5.1;26.5;65.5;7.1;943.2;;1494.2;;1018.2;3.5;19.8;12.6;71.3;116.8;151;;;;10045;53;73.9;0;305.1;105.1;71.8
VIS;01.04.2017 00:00;10.7;24.5;-5.5;10.4;-12.9;29.1;52.9;6.5;942.9;;1496.6;;1017.8;4.1;19.4;14.8;69.8;9.7;248;;;;15734;71;114.9;0;190.5;54.5;-110.6
VIS;01.05.2017 00:00;15.5;31.4;-1.2;15.5;-6.3;36.7;57.7;9.6;942.4;;1508.1;;1017.3;3.6;19.2;13;69.1;42.1;266;;;;14866;61;146.1;22.5;89.7;17.7;-88.8
VIS;01.06.2017 00:00;20.8;34.8;4.4;20.9;-1.5;38.7;59.2;13.8;941.7;;1518.7;;1016.6;3.4;21.8;12.2;78.5;52;294;;;;16643;69;172.2;92.5;0;0;-105.2
VIS;01.07.2017 00:00;20.6;33.4;9.7;20.4;5.2;37.9;59.2;13.7;942.7;;1527.2;;1017.6;3.9;20.3;14;73.1;34;268;;;;14666;60;171.9;80.3;0;0;-112.5
VIS;01.08.2017 00:00;20.2;35.5;7.6;19.5;3;38;64.6;14.6;944.4;;1540.8;;1019.4;2.9;27.8;10.4;100.1;97.2;233;;;;14984;64;141.1;78.8;0;0;-36.8
VIS;01.09.2017 00:00;13.4;27;0.2;13.1;-3.7;31.2;67.3;10;942.4;;1501.4;;1017.3;2.8;20.7;10.1;74.5;9.1;181;;;;11597;58;84.4;0.6;84.6;12.6;
VIS;01.10.2017 00:00;10.4;23.1;-1.6;9.2;-5.3;26.4;69.6;8.5;947.9;;1539.1;;1023.1;2.5;20.5;9;73.8;16.4;132;;;;11055;72;52.4;0;242;58;-28.2
VIS;01.11.2017 00:00;2.9;17.1;-7.2;1.1;-9.8;19;76.3;5.7;942.8;;1471.7;;1017.7;2.6;20.2;9.4;72.7;44.7;45;;;;2119;45;23.7;0;513;273;35
VIS;01.12.2017 00:00;-1.6;7.6;-10.9;-3.5;-12.7;5.2;82;4.5;943.6;;1462.5;;1018.5;2.4;25.7;8.6;92.5;83.1;22;;;;0;;14.7;0;670.7;422.7;
VIS;01.01.2018 00:00;2.7;12.2;-8;0.7;-11.6;12.7;79.9;5.9;942.6;;1469.2;;1017.5;3.3;23.3;11.9;83.9;327.5;31;;;;873;63;24.1;0;536.6;288.6;326.5
VIS;01.02.2018 00:00;0;9.6;-11.5;-0.6;-17;13.5;66.7;4.2;937.6;;1419;;1012.1;2.5;18.7;9;67.3;26.1;88;;;;5211;44;26;0;559.7;335.7;16.5
VIS;01.03.2018 00:00;5.6;16.7;-7.4;5.4;-12.5;21.5;61.5;5.5;930;;1370.5;;1004.1;3.9;23.7;14;85.3;42.9;145;;;;7669;40;67.8;0;445.2;197.2;3.4
VIS;01.04.2018 00:00;13.1;26.1;-2.1;12.6;-6.7;31.9;50.9;7.3;940.1;;1480.6;;1014.9;5.1;22.9;18.4;82.4;32.2;242;;;;14874;67;129.5;0;100;20;-84.1
VIS;01.05.2018 00:00;15.4;28.2;4.7;15.4;1.1;33.3;65.8;11;940.4;;1489.9;;1015.1;3.1;22.9;11.2;82.4;80;246;;;;11647;48;129.9;3.1;47.8;7.8;-11.1
VIS;01.06.2018 00:00;19.6;32;5.1;19.5;-0.2;37;58.1;12.4;941.2;;1510.5;;1016.1;3.1;17;11.2;61.2;18.8;302;;;;16758;70;166.8;47.7;0;0;-142.2
VIS;01.07.2018 00:00;21.6;34;9.4;21.4;3.5;37.8;56.8;13.6;941.8;;1521.4;;1016.6;3.1;21.6;11.2;77.8;14.5;306;;;;18672;76;187.3;104.3;0;0;-174
VIS;01.08.2018 00:00;20.4;35.2;6.9;19.7;2.2;38.8;63.5;14.5;943.9;;1536.3;;1018.8;2.8;26.8;10.1;96.5;16;238;;;;15437;66;143;73.5;0;0;-107.4
VIS;01.09.2018 00:00;17.1;30;1.3;16.5;-1.9;34;65.7;12.2;946.3;;1544.7;;1021.5;2.3;19.8;8.3;71.3;20.1;211;;;;15115;75;101.1;14.4;9.3;1.3;-71.6
VIS;01.10.2018 00:00;11.5;24.9;-1;9.9;-5.2;26.3;68.2;8.9;943;;1500.8;;1018;3.4;21.3;12.2;76.7;130.8;129;;;;10729;70;67.1;0;195.5;51.5;67.6
VIS;01.11.2018 00:00;6.8;18.6;-5.1;4.6;-8.7;19.7;71.5;7;941.8;;1474.9;;1016.6;4;19.4;14.4;69.8;31.8;49;;;;2722;58;41.7;0;365.1;165.1;35.9
VIS;01.12.2018 00:00;1.5;11.3;-10.2;-0.2;-12.6;11.3;84.8;6;947.4;;1506.1;;1022.7;2.3;22.3;8.3;80.3;161;23;;;;0;;16;0;572.2;324.2;159.7
VIS;01.01.2019 00:00;-1.2;6.2;-11.3;-3;-13.3;8.6;71.4;4;941.3;;1445.4;;1016.1;3.1;23.3;11.2;83.9;47.7;34;;;;715;51;22;0;657.7;409.7;44.6
VIS;01.02.2019 00:00;3.1;18.4;-7.5;1.8;-11.2;22.7;66.5;4.9;948.6;;1520.4;;1023.9;2.2;24;7.9;86.4;12.8;127;;;;9961;84;32.6;0;474.4;250.4;-2.7
VIS;01.03.2019 00:00;7.1;21.2;-6.5;6.3;-9.6;25.5;56.7;5.4;945.2;;1504.9;;1020.2;4.1;23.6;14.8;85;44.9;182;;;;12525;66;82.9;0;399;151;-21.9
VIS;01.04.2019 00:00;10.5;21.3;-3.7;10.3;-7;27.3;55.9;6.7;938.3;;1457.2;;1013;5.1;21;18.4;75.6;46.2;230;;;;11908;54;115.3;0;235.9;67.9;-44.1
VIS;01.05.2019 00:00;12.4;26.2;-3.4;12.3;-9.1;30.3;59.3;8.2;938.9;;1467.7;;1013.6;4.2;21.8;15.1;78.5;21.9;278;;;;13694;57;132.6;0;140.9;28.9;-97.6
VIS;01.06.2019 00:00;20;35.9;6.1;19.7;1.5;38.9;59.2;13;942.9;;1526.8;;1017.8;3.3;29.8;11.9;107.3;38.6;298;;;;16294;68;166.8;75.7;0;0;-119
VIS;01.07.2019 00:00;21.3;36.2;8.2;20.9;3.2;37.9;61.5;14.7;941.5;;1518.3;;1016.4;3;22.2;10.8;79.9;64.4;295;;;;17157;70;171.6;94.5;0;0;
VIS;01.08.2019 00:00;19.8;33;8.5;19.1;5.3;34.7;67.6;14.9;943.8;;1534;;1018.8;2.7;31;9.7;111.6;40.8;253;;;;15821;67;138.8;56.1;0;0;-76.8
VIS;01.09.2019 00:00;16.1;28.6;5.1;14.8;0.1;29.9;67.6;11.9;944.7;;1530.1;;1019.8;3;19.4;10.8;69.8;16.4;197;;;;13300;66;98.2;4.9;8;0;-59.6
VIS;01.10.2019 00:00;12.8;25.6;1;11.7;-2.5;28.9;72.3;10.4;942.6;;1501.1;;1017.5;3.5;20.2;12.6;72.7;54.6;116;;;;7794;51;64.7;0.7;131.3;19.3;19.6
VIS;01.11.2019 00:00;5.1;15.1;-4.8;4;-6.4;19.5;82.5;7.3;932.9;;1393.8;;1007.2;2.9;21.4;10.4;77;142.3;46;;;;1513;32;23.4;0;446.4;206.4;135.9
VIS;01.12.2019 00:00;2.7;15;-7.5;0.5;-9.9;14.7;79.6;5.8;942;;1463.1;;1016.8;3.5;21.4;12.6;77;92.4;21;;;;0;;28.5;0;520.3;288.3;89.4
VIS;01.01.2020 00:00;-0.2;9.2;-8.1;-2.9;;;79.5;4.8;950.5;;1520.2;;1025.2;1.5;20.9;5.4;75.2;18.1;29;;;;664;48;16.6;0;627;379;
VIS;01.02.2020 00:00;4.7;17.8;-5.3;3.4;-7.9;22.4;66.9;5.6;945.7;;1502.2;;1020.9;4;26.4;14.4;95;69.9;97;;;;6447;52;44.2;0;442.3;210.3;57.6
VIS;01.03.2020 00:00;6.7;20.7;-5.6;6.1;-10.3;25.4;63.1;6;941.2;;1470.3;;1016.1;3.6;20.6;13;74.2;52.2;182;;;;12010;63;71.9;0;411.1;163.1;2.5
VIS;01.04.2020 00:00;12.9;24;-3.4;11.7;-8.9;31;51.5;7.2;941.4;;1491;;1016.3;3.1;16.8;11.2;60.5;16.6;258;;;;15881;72;119.3;0;91.7;19.7;-105.6
VIS;01.05.2020 00:00;15.5;29.7;3.6;15.1;-1.6;33.5;62;10.1;942.8;;1510.9;;1017.7;3.4;25;12.2;90;51.1;286;;;;15688;65;149.8;2.7;30.2;6.2;-79.6
VIS;01.06.2020 00:00;17.6;31.1;7.1;17.9;1.1;37.3;64.6;12.4;939.7;;1490.7;;1014.4;3.4;21.2;12.2;76.3;78.3;267;;;;12393;52;144.8;27.6;0;0;-36.7
VIS;01.07.2020 00:00;20.7;33.8;8.5;20.5;3.4;37.8;60.2;13.9;943.2;;1531.4;;1018.1;3.4;27.3;12.2;98.3;24.8;315;;;;18659;76;182.5;77.2;0;0;-147.7
VIS;01.08.2020 00:00;19.6;33.5;5.9;18.8;0.8;38.9;67.5;14.6;941.6;;1513.2;;1016.4;2.8;18.7;10.1;67.3;50.4;247;;;;15237;65;138.2;63.8;8.1;0.1;-64.9
VIS;01.09.2020 00:00;15.6;31;0.4;15.1;-3.9;34.6;72.7;12.6;943.1;;1514.8;;1018;2.3;22.2;8.3;79.9;19.7;195;;;;13134;65;87.9;5.3;67.1;19.1;-48.7
VIS;01.10.2020 00:00;9.4;19.7;-1.4;8.8;-5.9;23.3;76.1;8.8;940.8;;1474.2;;1015.6;2.9;21.1;10.4;76;78.6;117;;;;7733;50;48.3;0;309.8;85.8;50.2
VIS;01.11.2020 00:00;3.9;18.8;-7.1;1.5;-10.1;22.8;80.8;6.6;949.7;;1532.7;;1025;1.4;17.2;5;61.9;2.1;48;;;;3016;64;18.9;0;476.6;244.6;-7.1
VIS;01.12.2020 00:00;1.1;10.3;-8.4;-1;-10.5;7.9;80.9;5.3;936;;1408.3;;1010.5;2.2;20.5;7.9;73.8;45.8;29;;;;0;;16.4;0;587.1;339.1;42.9
VIS;01.01.2021 00:00;-1.1;10.6;-15.5;-3.1;-19.1;10.6;80.8;4.7;937.6;;1415.4;;1012.2;2.8;26.4;10.1;95;168;32;;;;181;13;17.3;0;653.5;405.5;164.3
VIS;01.02.2021 00:00;5.1;19.7;-10.2;4;-14.8;23.6;67.1;5.7;943.6;;1484.7;;1018.6;2.8;21.7;10.1;78.1;20.4;107;;;;7015;59;40.6;0;418;194;9.3
VIS;01.03.2021 00:00;6.7;23.8;-5.7;;;;56.3;5.2;946.1;;;;;2.9;21.1;10.4;76;28.5;196;;;;13426;71;75.2;0;399.5;167.5;
VIS;01.04.2021 00:00;9.3;23.5;-6.1;9;-14.3;31.1;51.1;5.9;941.1;;1476.9;;1015.9;3.8;20.7;13.7;74.5;11;262;;;;15303;69;110.5;0;260.9;92.9;-108.1
VIS;01.05.2021 00:00;12.1;26.3;0;12.2;-4.9;40.7;60.9;8.1;940.2;;1478.2;;1015;4.5;20.6;16.2;74.2;92.4;256;;;;12505;52;127.4;0;161;33;-20.5
VIS;01.06.2021 00:00;20.1;32.6;6.6;20.4;-0.6;39.2;62.1;13.8;943.4;;1531.4;;1018.4;3.2;19.3;11.5;69.5;46.4;286;;;;13998;58;164.2;65;0;0;-83
VIS;01.07.2021 00:00;18.8;29.9;9.1;19.2;3.2;35.7;71.6;15;941.8;;1512.6;;1016.6;2.6;22.8;9.4;82.1;99.3;248;;;;12916;53;134.2;37.8;0;0;-1.3
VIS;01.08.2021 00:00;18.1;32;7.7;18;2.7;35.3;68.7;13.8;942.6;;1518;;1017.5;3;24.6;10.8;88.6;21.1;266;;;;16584;71;137.5;21.3;0;0;-90.9
VIS;01.09.2021 00:00;16.1;27.7;4.8;16.1;-0.7;31.8;74.6;13.2;945.3;;1535.6;;1020.4;2;14.8;7.2;53.3;41.7;197;;;;13886;69;86.8;2.4;18;2;-26.8
VIS;01.10.2021 00:00;9.7;22.9;-2.3;8.6;-6.4;27.2;69.7;8.1;945.7;;1517.3;;1020.8;2.8;19;10.1;68.4;35.4;141;;;;11674;76;58;0.6;282;90;-7.9
VIS;01.11.2021 00:00;4.3;18.4;-4.8;2.6;-9;20.6;77.2;6.5;941.1;;1461.3;;1015.9;2.6;17.5;9.4;63;17;51;;;;2674;57;26.4;0;465.8;233.8;6.6
VIS;01.12.2021 00:00;-2.3;8.1;-15.8;-3;-10.9;7.7;89.3;4.8;942.7;;1453.3;;1017.6;1.5;18.6;5.4;67;119.3;23;;;;0;;10.5;0;690.1;442.1;117.9
VIS;01.01.2022 00:00;-3.5;8.6;-17.8;-6.1;-14.7;10.1;84.7;4.1;950.3;;1512.5;;1025.7;1.6;20.7;5.8;74.5;19.6;29;;;;987;71;12.9;0;728.6;480.6;18.3
VIS;01.02.2022 00:00;3.7;15.1;-6.1;2.8;-9.9;20.2;64.4;5.1;946.8;;1508.2;;1022;3.9;24.2;14;87.1;34.6;113;;;;7812;66;37.5;0;455.5;231.5;20.1
VIS;01.03.2022 00:00;7.9;21;-6.1;7.2;-10.2;27;45.6;4.6;946.2;;1516.2;;1021.3;3.8;20.8;13.7;74.9;0.8;195;;;;13787;73;93.7;0;358.5;126.5;-78
VIS;01.04.2022 00:00;10.4;24.4;-1.2;10.2;-6.5;30.4;59.2;7.1;937.9;;1452.5;;1012.5;3.5;20.9;12.6;75.2;46.5;245;;;;13752;62;106.2;0;218.8;66.8;-51.7
VIS;01.05.2022 00:00;17.6;33.3;1.3;17.9;-3.8;42.3;58.2;10.9;943.2;;1521.6;;1018.2;3.1;26.7;11.2;96.1;17.4;290;;;;16080;66;159.7;37.3;17.8;1.8;-120.8
VIS;01.06.2022 00:00;20.6;35.4;5.6;20.5;0.8;39.4;60.3;13.8;942.7;;1527;;1017.6;3.6;30.2;13;108.7;54.3;283;;;;15661;65;169.4;85.3;0;0;-94.2
VIS;01.07.2022 00:00;22.6;35.7;9.5;21.7;4.5;39.6;56.1;14.3;945.1;;1554.9;;1020.2;3.2;23.6;11.5;85;27.3;326;;;;20586;84;198;133.7;0;0;-177.3
VIS;01.08.2022 00:00;21.3;35.1;10;20.9;4.8;40;60.7;14.4;941.9;;1521.6;;1016.8;2.9;17.4;10.4;62.6;35.3;258;;;;16682;71;154.3;95.7;0;0;-111.1
VIS;01.09.2022 00:00;15.5;30.4;2.3;15;-2;35.8;66.4;11.4;940.1;;1487.8;;1014.9;3.3;19.1;11.9;68.8;45.4;196;;;;12260;61;100.1;11.4;78.1;6.1;-36.2
VIS;01.10.2022 00:00;13.1;23.7;3.5;12.2;-1.1;27.5;77.3;11.3;947.9;;1548.1;;1023.2;1.8;19.2;6.5;69.1;44.2;120;;;;9141;60;48.7;0;51.9;3.9;13
VIS;01.11.2022 00:00;5.8;17.5;-4.8;4.1;-8;19;77.7;7.1;942.3;;1476;;1017.2;1.8;16.3;6.5;58.7;31.2;52;;;;2379;51;22.1;0;419.1;187.1;22.2
VIS;01.12.2022 00:00;2;11.3;-8.9;0.2;-11.6;10.9;84.3;6.1;941;;1453.8;;1015.8;1.6;16.7;5.8;60.1;94;26;;;;0;;13.7;0;559.3;311.3;91.6
VIS;01.01.2023 00:00;-0.4;14.8;-15.9;-2.8;-19.9;14.3;79.7;4.9;943.9;;1470.7;;1019;1.8;19.4;6.5;69.8;29.2;39;;;;1045;75;15;0;633.7;385.7;27.7
VIS;01.02.2023 00:00;3.2;16.4;-9.4;1.9;-12.6;20.2;64.4;4.9;950.5;;;;1025.9;2.2;19.2;7.9;69.1;1;123;;;;9704;82;34.2;0;471.3;247.3;-14
VIS;01.03.2023 00:00;7.1;20.3;-6;6.5;-9.6;25.5;67;6.6;939.1;;1453.1;;1013.8;3.4;22;12.2;79.2;127.2;151;;;;9693;51;63.8;0;393.7;153.7;88.6
VIS;01.04.2023 00:00;9.6;22.5;-3.3;9.3;-8.7;28.3;62.9;7.3;939.7;;1466.1;;1014.5;3.7;18.3;13.3;65.9;68.3;219;;;;10523;47;92.2;0;279.8;79.8;-11.4
VIS;01.05.2023 00:00;15.2;28.8;2;15.6;-2.5;34.7;63.5;10.4;941.5;;1498.9;;1016.3;3.3;17.9;11.9;64.4;26;264;;;;12449;51;133.8;8.3;53.2;5.2;-65.8
VIS;01.06.2023 00:00;20.1;31.9;7;20;2.4;37.8;58.3;13;941.6;;1514.9;;1016.4;3.1;21.7;11.2;78.1;39.5;298;;;;15494;65;166.1;56.1;0;0;-108.4
VIS;01.07.2023 00:00;21.3;36.2;7.3;21;4.4;40.4;59.6;14.4;942;;1523.2;;1016.9;3.7;21.4;13.3;77;72.7;298;;;;17185;70;179.2;96.1;0;0;-92.8
VIS;01.08.2023 00:00;20.2;36.5;6.8;19.7;3.7;37.2;62.3;14.1;942.3;;1521.8;;1017.2;3.4;20.3;12.2;73.1;81.5;243;;;;14277;61;148.6;89.2;9.4;1.4;-44.6
VIS;01.09.2023 00:00;18;29.8;2.3;17.2;-1.9;34.2;68.3;13.7;944.7;;1536.2;;1019.8;2.5;15.9;9;57.2;23.5;208;;;;14957;74;101.2;33.9;17.7;1.7;-60.5
VIS;01.10.2023 00:00;13;25.5;0.2;11.7;-4.7;30.8;69.6;10.1;940.7;;1484.7;;1015.5;3;22.8;10.8;82.1;37.8;128;;;;10011;65;61.7;0;101.2;21.2;-6
VIS;01.11.2023 00:00;4.4;16;-4.9;3.1;-8.6;17.2;81.8;6.9;937.6;;1432.2;;1012.2;2.8;26.4;10.1;95;192.8;42;;;;1497;32;23.1;0;468.3;228.3;182.2
VIS;01.12.2023 00:00;2;10.8;-9.3;0;-12.6;10.3;82.2;5.8;944.1;;1479.3;;1019.1;2.5;25.8;9;92.9;132.7;23;;;;0;;18.3;0;558.7;310.7;134.2
VIS;01.01.2024 00:00;2;13;-9.8;0.2;-12.1;15;78.9;5.7;944.8;;1485.1;;1019.8;2.1;19.3;7.6;69.5;60.5;36;;;;718;52;18.2;0;557.2;309.2;58.6
VIS;01.02.2024 00:00;6.4;17.5;-5.2;5.4;-8;20.5;68.3;6.4;941.5;;1470.4;;1016.4;3;18.6;10.8;67;28.5;98;;;;6236;51;41.1;0;395.6;163.6;17.1
VIS;01.03.2024 00:00;8;20;-2.9;7.5;-7.3;27.3;67.5;7.1;936.4;;1432.9;;1011;4.6;23.8;16.6;85.7;127.4;136;;;;7552;40;69.4;0;370.8;122.8;95.5
VIS;01.04.2024 00:00;10.8;27.4;-2.7;10.3;-9.3;34.5;56.9;7.1;941.9;;1488.5;;1016.7;5;21.3;18;76.7;21.9;214;;;;10061;45;110.1;1.6;223.9;79.9;-53.4
VIS;01.05.2024 00:00;14.1;26.5;2.6;14.3;-0.7;34.2;68.3;10.5;939.5;;1477.5;;1014.2;3.5;19.4;12.6;69.8;103.2;233;;;;10413;43;119.3;0;56.9;8.9;25.7
VIS;01.06.2024 00:00;18.3;31.7;7.1;18.5;2.8;37;66.9;13.6;940.9;;1503.6;;1015.7;3.2;22.8;11.5;82.1;50;245;;;;11157;46;138;34.5;0;0;-49.7
VIS;01.07.2024 00:00;21.2;33.9;9.6;21.6;6.5;41.5;65.8;16;942.1;;1523.6;;1017;3;18.9;10.8;68;41.9;284;;;;17029;70;164.2;93.5;0;0;-96.8
VIS;01.08.2024 00:00;21;33.6;11;21.1;8;40.1;68.6;16.4;942.8;;1529;;1017.7;2.4;17.3;8.6;62.3;38.6;251;;;;17587;75;138.8;85.4;0;0;-81.9
VIS;01.09.2024 00:00;14.8;30.7;0.6;14.2;-1.9;33.2;71;11.8;941.4;;1496.7;;1016.2;3.6;20.1;13;72.4;69.8;161;;;;9066;45;85.4;14.8;70.4;14.4;14.5
VIS;01.10.2024 00:00;12.3;23.3;1.3;11.2;-1.2;25.6;77.6;10.9;943.6;;1508.3;;1018.6;2.9;20.1;10.4;72.4;74.9;103;;;;6809;44;53.3;1.7;143.2;31.2;50.8
VIS;01.11.2024 00:00;3.4;15.1;-9.5;1.3;-8;19.6;80.6;6.3;947.4;;1511.6;;1022.6;1.7;20.5;6.1;73.8;75.8;55;;;;4133;88;19.3;0;499.1;259.1;65.4
VIS;01.12.2024 00:00;-1.2;9.1;-12.9;-1.8;-10.3;8.3;85.4;4.9;948.4;;1504.8;;1023.7;2;22.6;7.2;81.4;74.1;21;;;;0;;13.7;0;656.3;408.3;71.8
VIS;01.01.2025 00:00;1.2;12.9;-13.6;-1.1;-14.8;11.8;77.5;5.2;943.2;;1468.4;;1018.1;2.8;23;10.1;82.8;76.9;28;;;;423;30;24.8;0;584.2;336.2;75.1
VIS;01.02.2025 00:00;3.9;17.5;-6.8;2.6;-9.8;19.4;65.9;5.2;946.9;;1509.5;;1022.1;2.8;19.5;10.1;70.2;6;111;;;;7397;63;37.8;0;450.1;226.1;-5.7
VIS;01.03.2025 00:00;8.6;18.2;-5.8;8;-9.5;22.7;53.7;5.7;939.6;;1461.3;;1014.3;4.1;24.8;14.8;89.3;11.9;182;;;;12391;65;92;0;345.8;105.8;-47.6
VIS;01.04.2025 00:00;12;25.9;-2.3;10.9;-7.4;32.4;56.9;7.5;940.5;;1479.9;;1015.3;4;19.5;14.4;70.2;167.6;248;;;;15829;71;114.6;0;139.4;35.4;58.9
VIS;01.05.2025 00:00;15;31.3;2.7;14.9;-3.3;35.9;61.6;10;940.9;;1493.3;;1015.7;3.7;20.4;13.3;73.4;45.4;272;;;;13898;57;139.7;5.3;43.5;3.5;-72.4
VIS;01.06.2025 00:00;21.7;34.9;7.4;21.7;3.5;41.3;58.9;14.5;945.2;;1552.8;;1020.3;3.2;25.3;11.5;91.1;39.7;286;;;;16213;68;172.4;105.8;0;0;-114.6
