station_abbr;reference_timestamp;tre200h0;tre200hn;tre200hx;tre005h0;tre005hn;ure200h0;pva200h0;tde200h0;prestah0;pp0qffh0;pp0qnhh0;ppz700h0;ppz850h0;fkl010h1;dkl010h0;fkl010h0;fu3010h0;fu3010h1;fkl010h3;fu3010h3;wcc006h0;fve010h0;rre150h0;htoauths;gre000h0;oli000h0;olo000h0;osr000h0;ods000h0;sre000h0;erefaoh0
VIS;01.01.2025 00:00;-8.7;-11.1;-6;-5.2;-5.2;96.6;3.1;-9.2;956.4;;1032.2;;1544.2;;;;;;;;;;0;;2;;;;0;0;
VIS;01.01.2025 01:00;-8.9;-10.8;-6.2;-5.2;-5.2;97.1;3.1;-9.2;956.1;;1031.9;;1541.2;;;;;;;;;;0;;2;;;;0;0;
VIS;01.01.2025 02:00;-8.8;-10.6;-6.2;-5.3;-5.3;93.4;3;-9.7;956;;1031.8;;1541.2;;;;;;;;;;0;;2;;;;0;0;
VIS;01.01.2025 03:00;-8.7;-10.3;-5.1;-5.3;-5.3;96;3;-9.3;955.9;;1031.7;;1540.6;;;;;;;;;;0;;2;;;;0;0;
VIS;01.01.2025 04:00;-7.6;-10.1;-4.9;-5.3;-5.3;91;3.1;-8.9;955.7;;1031.5;;1542.8;0.8;90;0.3;1.1;2.9;0.7;2.5;0;;0;;2;;;;0;0;-0.004
VIS;01.01.2025 05:00;-7.2;-9;-5.6;-5.3;-5.3;93.1;3.3;-8.2;955.6;;1031.3;;1543;0.7;90;0.3;1.1;2.5;0.6;2.2;0;;0;;2;;;;0;0;-0.004
VIS;01.01.2025 06:00;-5.7;-9.9;-3.9;-5.3;-5.3;87;3.5;-7.6;955.5;;1031.2;;1547.3;0.9;108;0.4;1.4;3.2;0.8;2.9;0;;0;;2;;;;0;0;-0.003
VIS;01.01.2025 07:00;-8.1;-10;-6.2;-5.3;-5.4;91.5;3.1;-9.2;955.4;;1031.1;;1538.6;0.7;45;0.2;0.7;2.5;0.6;2.2;0;;0;;2;;;;0;0;-0.004
VIS;01.01.2025 08:00;-7.2;-10.7;-5;-5.3;-5.3;89.1;3.2;-8.7;955.6;;1031.3;;1542.9;1;104;0.4;1.4;3.6;1;3.6;0;;0;;10;;;;7;0;0.006
VIS;01.01.2025 09:00;-7;-9;-4.1;-5.3;-5.3;90.2;3.3;-8.3;955.6;;1031.3;;1544.3;0.7;72;0.3;1.1;2.5;0.6;2.2;0;;0;;25;;;;22;0;0.013
VIS;01.01.2025 10:00;-8;-11.1;-5.5;-5.2;-5.2;92.3;3.1;-9.1;955.6;;1031.3;;1540.4;1.3;72;0.4;1.4;4.7;1.2;4.3;0;;0;;31;;;;29;0;0.015
VIS;01.01.2025 11:00;-6.9;-8.5;-5.9;-5.2;-5.2;92.8;3.4;-7.9;954.9;;1030.6;;1538.4;1.3;63;0.3;1.1;4.7;1.2;4.3;0;;0;;34;;;;32;0;0.017
VIS;01.01.2025 12:00;-6;-10;-4;-5.1;-5.1;90.7;3.6;-7.3;953.7;;1029.3;;1531.9;0.8;270;0.1;0.4;2.9;0.7;2.5;0;;0;;35;;;;32;0;0.019
VIS;01.01.2025 13:00;-7.6;-9.6;-4.6;-5.1;-5.1;97.2;3.4;-7.9;952.6;;1028.1;;1517.8;0.5;0;0;0;1.8;0.4;1.4;0;;0;;34;;;;32;0;0.017
VIS;01.01.2025 14:00;-5.5;-7.9;-3.9;-5;-5;91.8;3.7;-6.6;951.5;;1027;;1516.4;0.8;45;0.2;0.7;2.9;0.7;2.5;0;;0;;31;;;;29;0;0.017
VIS;01.01.2025 15:00;-5.6;-7.9;-4.1;-4.9;-5;93.3;3.8;-6.5;951.1;;1026.6;;1512.7;1.2;45;0.3;1.1;4.3;1.2;4.3;0;;0;;25;;;;22;0;0.013
VIS;01.01.2025 16:00;-5.3;-6.2;-3.9;-4.9;-4.9;94.4;3.9;-6.1;950.9;;1026.3;;1512.1;1.3;63;0.3;1.1;4.7;1.3;4.7;0;;0;;14;;;;11;0;-0.001
VIS;01.01.2025 17:00;-5.8;-7.5;-4;-4.8;-4.9;92.8;3.7;-6.8;951;;1026.4;;1511.1;1.3;90;0.6;2.2;4.7;1.3;4.7;0;;0;;3;;;;1;0;-0.003
VIS;01.01.2025 18:00;-6.5;-8.4;-3.8;-4.8;-4.8;92.3;3.5;-7.5;951.1;;1026.6;;1510.1;1.5;106;0.9;3.2;5.4;1.5;5.4;0;;0;;2;;;;0;0;-0.002
VIS;01.01.2025 19:00;-7;-8.6;-5.9;-4.8;-4.8;94.9;3.4;-7.6;951.3;;1026.8;;1509.7;1.4;99;0.7;2.5;5;1.4;5;0;;0;;2;;;;0;0;-0.003
VIS;01.01.2025 20:00;-7.6;-10.6;-3.9;-4.8;-4.8;92.9;3.3;-8.5;951.2;;1026.7;;1507.2;1.5;101;0.7;2.5;5.4;1.5;5.4;0;;0;;2;;;;0;0;-0.003
VIS;01.01.2025 21:00;-7.4;-8.5;-6;-4.7;-4.8;94;3.3;-8.2;950.9;;1026.3;;1505.1;1.6;106;0.7;2.5;5.8;1.6;5.8;0;;0;;2;;;;0;0;-0.003
VIS;01.01.2025 22:00;-6.3;-8;-5.2;-4.7;-4.7;89.8;3.4;-7.8;950.5;;1025.9;;1505.1;2.3;97;1.1;4;8.3;2.3;8.3;0;;0;;2;;;;0;0;-0.001
VIS;01.01.2025 23:00;-6.9;-11.6;-3.7;-4.7;-4.7;89.1;3.3;-8.4;950.1;;1025.5;;1500.5;2.7;90;1;3.6;9.7;2.7;9.7;0;;0;;2;;;;0;0;-0.001
VIS;02.01.2025 00:00;-7.9;-10.5;-5.3;-4.7;-4.7;91.4;3.1;-9.1;949.6;;1024.9;;1492.7;2.4;104;1.1;4;8.6;2.3;8.3;0;;0;;2;;;;0;0;-0.002
VIS;02.01.2025 01:00;-7.7;-9.2;-4.7;-4.6;-4.6;91.8;3.2;-8.8;948.9;;1024.2;;1488.4;1.8;135;0.7;2.5;6.5;1.8;6.5;0;;0;;2;;;;0;0;-0.003
VIS;02.01.2025 02:00;-7.1;-10;-3.9;-4.6;-4.6;89.3;3.2;-8.6;948.2;;1023.5;;1484.3;2.4;101;0.9;3.2;8.6;2.3;8.3;0;;0;;2;;;;0;0;-0.002
VIS;02.01.2025 03:00;-6.1;-8.3;-4.9;-4.6;-4.6;85.7;3.3;-8.1;947.7;;1022.9;;1483.5;2.5;90;1.2;4.3;9;2.5;9;0;;0;;2;;;;0;0;0
VIS;02.01.2025 04:00;-5.6;-8.1;-3.1;-4.6;-4.6;84.5;3.4;-7.8;947;;1022.2;;1479.6;2.4;104;0.9;3.2;8.6;2.3;8.3;0;;0;;2;;;;0;0;-0.001
VIS;02.01.2025 05:00;-5.5;-6.3;-4.6;-4.5;-4.5;84.7;3.5;-7.6;946.6;;1021.8;;1476.9;2.2;90;1;3.6;7.9;2.2;7.9;0;;0;;2;;;;0;0;-0.001
VIS;02.01.2025 06:00;-5.3;-7.9;-2.5;-4.4;-4.5;83.8;3.5;-7.6;946.1;;1021.2;;1472.9;3.9;76;1.1;4;14;3.8;13.7;0;;0;;2;;;;0;0;0
VIS;02.01.2025 07:00;-4.8;-5.5;-3.5;-4.3;-4.4;85.6;3.7;-6.9;945.7;;1020.8;;1471.8;3.7;135;1;3.6;13.3;3.6;13;0;;0;;2;;;;0;0;-0.001
VIS;02.01.2025 08:00;-3.3;-4.2;-2.9;-4.1;-4.2;82.2;3.9;-5.9;945.4;;1020.5;;1474.1;3.2;0;1;3.6;11.5;3.1;11.2;0;;0;;15;;;;12;0;0.007
VIS;02.01.2025 09:00;-2.5;-3.7;-0.8;-3.8;-3.9;81.1;4.1;-5.3;945.2;;1020.3;;1475.1;3.2;90;0.9;3.2;11.5;3.1;11.2;0;;0;;68;;;;65;0;0.024
VIS;02.01.2025 10:00;-2.6;-3.4;-1.5;-3.4;-3.6;86.5;4.4;-4.6;945.4;;1020.5;;1475.8;3.1;288;1.2;4.3;11.2;3;10.8;0;;0;;113;;;;109;0;0.037
VIS;02.01.2025 11:00;-2.5;-3.2;-1;-2.9;-3.1;85.6;4.4;-4.6;944.5;;1019.6;;1469.4;1.6;180;0.7;2.5;5.8;1.6;5.8;0;;0;;152;;;;145;0;0.049
VIS;02.01.2025 12:00;-0.7;-1.2;-0.2;-2.5;-2.6;83.5;4.8;-3.2;943.3;;1018.2;;1464.5;3;270;1;3.6;10.8;3;10.8;0;;0;;173;;;;164;0;0.06
VIS;02.01.2025 13:00;0.7;-0.9;1.8;-2;-2.2;78.9;5;-2.6;941.8;;1016.6;;1456.4;2.5;261;0.9;3.2;9;2.4;8.6;0;;0;;179;;;;170;0;0.065
VIS;02.01.2025 14:00;1.3;-0.1;2.5;-1.5;-1.7;75.9;5.1;-2.6;940.4;;1015.2;;1446.8;3.1;108;0.7;2.5;11.2;3;10.8;0;;0;;160;;;;154;0;0.056
VIS;02.01.2025 15:00;5;2.8;5.9;-1.1;-1.3;53.1;4.6;-3.8;939.6;;1014.3;;1451.6;7.3;273;3.7;13.3;26.3;7.1;25.6;0;;0;;79;;;;76;0;0.076
VIS;02.01.2025 16:00;4.5;2.9;5.7;-0.9;-1;54.9;4.6;-3.8;939.2;;1013.9;;1446.2;5;270;1.6;5.8;18;4.9;17.6;0;;0;;21;;;;18;0;0.015
VIS;02.01.2025 17:00;2.5;1.4;3.8;-0.7;-0.8;69.4;5.1;-2.6;939.2;;1013.9;;1440.4;2;127;0.7;2.5;7.2;2;7.2;0;;0;;4;;;;2;0;0.001
VIS;02.01.2025 18:00;6.7;4.3;7.9;-0.6;-0.6;50.7;5;-2.8;939.5;;1014.2;;1455.9;15.3;287;6.7;24.1;55.1;14.7;52.9;0;;0;;2;;;;1;0;0.044
VIS;02.01.2025 19:00;5.2;4.4;5.8;-0.4;-0.5;74.2;6.6;1;940.3;;1015.1;;1457.8;14.4;261;4.5;16.2;51.8;14.1;50.8;0;;0.7;;5;;;;3;0;0.017
VIS;02.01.2025 20:00;4.2;3.4;4.8;-0.2;-0.3;85;7;1.9;940.6;;1015.4;;1457.5;3.8;270;1.1;4;13.7;3.7;13.3;0;;1;;3;;;;1;0;0
VIS;02.01.2025 21:00;3;2.2;3.7;-0.1;-0.2;91.1;6.9;1.7;940.7;;1015.5;;1454.4;2.1;84;1.1;4;7.6;2;7.2;0;;2.4;;3;;;;1;0;-0.002
VIS;02.01.2025 22:00;3;2.7;3.3;-0.1;-0.1;89.5;6.8;1.5;940.3;;1015.1;;1450.8;5.5;81;1.6;5.8;19.8;5.4;19.4;0;;1.2;;3;;;;1;0;0
VIS;02.01.2025 23:00;3.2;2.2;3.9;-0.1;-0.1;89.1;6.8;1.5;939.9;;1014.6;;1448.4;11.8;278;2.3;8.3;42.5;11.2;40.3;0;;1.1;;3;;;;1;0;0.001
VIS;03.01.2025 00:00;3.7;3.6;3.8;-0.1;-0.1;85.8;6.8;1.5;939.3;;1014;;1444.5;11.8;292;7.2;25.9;42.5;11.4;41;0;;0.8;;3;;;;1;0;0.009
VIS;03.01.2025 01:00;3.8;3.5;3.9;-0.1;-0.1;85.1;6.8;1.5;939.1;;1013.8;;1443.3;14.9;292;7.5;27;53.6;14.4;51.8;0;;0.5;;3;;;;1;0;0.01
VIS;03.01.2025 02:00;3.7;3.1;4;-0.1;-0.1;84.7;6.8;1.3;940;;1014.7;;1450.2;12.7;291;8.3;29.9;45.7;12.3;44.3;0;;0;;3;;;;1;0;0.011
VIS;03.01.2025 03:00;2.7;2.4;3.3;-0.1;-0.1;87.1;6.5;0.8;940.8;;1015.6;;1454.3;13.3;280;8.1;29.2;47.9;12.9;46.4;0;;0.3;;3;;;;1;0;0.008
VIS;03.01.2025 04:00;2.6;1.9;3;-0.1;-0.1;84.4;6.2;0.2;940.9;;1015.7;;1454.9;14.1;281;8.7;31.3;50.8;13.9;50;0;;0;;3;;;;1;0;0.011
VIS;03.01.2025 05:00;2;1.8;2.2;-0.1;-0.1;86.4;6.1;0;941.6;;1016.4;;1458.7;14.2;275;8.7;31.3;51.1;13.6;49;0;;0;;3;;;;0;0;0.009
VIS;03.01.2025 06:00;2;1.9;2.3;-0.1;-0.1;83.7;5.9;-0.5;942.3;;1017.2;;1465.2;11.6;273;5.6;20.2;41.8;11.4;41;0;;0;;2;;;;0;0;0.009
VIS;03.01.2025 07:00;1.6;1.4;1.7;-0.1;-0.1;84.7;5.8;-0.7;942.9;;1017.8;;1468.8;11.3;260;5.2;18.7;40.7;11;39.6;0;;0;;3;;;;1;0;0.008
VIS;03.01.2025 08:00;1.6;1.4;1.8;-0.1;-0.1;81.9;5.6;-1.2;943.3;;1018.3;;1471.8;11.9;279;6.8;24.5;42.8;11.2;40.3;0;;0;;10;;;;8;0;0.032
VIS;03.01.2025 09:00;1.5;1.2;1.8;-0.1;-0.1;80.6;5.5;-1.5;944.1;;1019.1;;1478;11.6;277;6;21.6;41.8;10.7;38.5;0;;0;;30;;;;26;0;0.04
VIS;03.01.2025 10:00;1.5;1.1;1.8;-0.1;-0.1;79.3;5.4;-1.7;944.5;;1019.5;;1481.2;12.8;270;5.6;20.2;46.1;12.5;45;0;;0;;40;;;;37;0;0.045
VIS;03.01.2025 11:00;1.5;1.1;1.8;-0.1;-0.1;77.3;5.3;-2;944.5;;1019.5;;1481.5;11.4;268;6.2;22.3;41;11;39.6;0;;0;;40;;;;38;0;0.05
VIS;03.01.2025 12:00;2;1.4;2.3;-0.1;-0.1;72;5.1;-2.5;943.7;;1018.7;;1476.5;13.1;277;8.1;29.2;47.2;12.3;44.3;0;;0;;39;;;;37;0;0.065
VIS;03.01.2025 13:00;2.7;2.4;2.8;-0.1;-0.1;65.8;4.9;-3.1;943;;1017.9;;1472.4;14.9;285;8.9;32;53.6;14.7;52.9;0;;0;;38;;;;36;0;0.081
VIS;03.01.2025 14:00;2.6;2.2;3;-0.1;-0.1;65.5;4.8;-3.2;942.4;;1017.3;;1467.8;14.5;283;9.6;34.6;52.2;13.6;49;0;;0;;34;;;;32;0;0.082
VIS;03.01.2025 15:00;2.8;2.7;2.9;-0.1;-0.1;63.5;4.8;-3.4;942.7;;1017.6;;1470.6;14.1;286;8.9;32;50.8;13.8;49.7;0;;0;;26;;;;24;0;0.082
VIS;03.01.2025 16:00;2.3;2.1;2.4;-0.1;-0.2;66;4.8;-3.4;943.7;;1018.7;;1477.4;12.7;267;5.7;20.5;45.7;12.2;43.9;0;;0;;12;;;;10;0;0.051
VIS;03.01.2025 17:00;1.9;1.4;2.3;-0.3;-0.3;65.5;4.6;-3.9;944.7;;1019.8;;1485;7.6;238;1.8;6.5;27.4;7.2;25.9;0;;0;;3;;;;1;0;0.01
VIS;03.01.2025 18:00;0.7;0;1.5;-0.6;-0.9;71.1;4.6;-4;945.6;;1020.7;;1488.2;2.4;270;0.7;2.5;8.6;2.4;8.6;0;;0;;3;;;;0;0;0
VIS;03.01.2025 19:00;-0.5;-0.8;-0.1;-1;-1.1;81.2;4.8;-3.3;946.3;;1021.5;;1490.8;1.9;262;0.8;2.9;6.8;1.9;6.8;0;;0;;2;;;;0;0;-0.001
VIS;03.01.2025 20:00;-0.1;-0.9;0.5;-1.1;-1.1;77.3;4.7;-3.6;947;;1022.2;;1497.3;0.8;90;0.3;1.1;2.9;0.8;2.9;0;;0;;2;;;;0;0;-0.004
VIS;03.01.2025 21:00;-0.7;-1.7;0.1;-1.1;-1.2;77.5;4.5;-4.1;947.4;;1022.6;;1498.5;0.9;304;0.4;1.4;3.2;0.8;2.9;0;;0;;2;;;;0;0;-0.003
VIS;03.01.2025 22:00;-1;-1.7;-0.6;-1.5;-1.7;82.3;4.7;-3.6;947.3;;1022.5;;1497.3;1;124;0.4;1.4;3.6;1;3.6;0;;0;;2;;;;0;0;-0.004
VIS;03.01.2025 23:00;-1.6;-2.5;-0.8;-2.1;-2.3;82.6;4.5;-4.2;947.4;;1022.6;;1495.6;1.9;112;0.7;2.5;6.8;1.9;6.8;0;;0;;2;;;;0;0;-0.002
VIS;04.01.2025 00:00;-2.3;-3.5;-0.7;-2.8;-3.2;77.7;4;-5.7;947.2;;1022.4;;1491.8;3.4;100;1.2;4.3;12.2;3.3;11.9;0;;0;;2;;;;0;0;0.001
VIS;04.01.2025 01:00;-2.8;-4.4;-1.9;-3.6;-3.9;71.5;3.6;-7.2;946.9;;1022.1;;1488.2;3.7;93;1.9;6.8;13.3;3.6;13;0;;0;;2;;;;0;0;0.006
VIS;04.01.2025 02:00;-3.8;-5.6;-2.5;-4.2;-4.4;75.8;3.5;-7.5;946.8;;1022;;1483.8;2.8;99;1.3;4.7;10.1;2.7;9.7;0;;0;;2;;;;0;0;0.002
VIS;04.01.2025 03:00;-5.6;-7.9;-4.6;-4.9;-5.3;88.3;3.5;-7.3;947;;1022.2;;1479.3;1.6;117;0.3;1.1;5.8;1.6;5.8;0;;0;;2;;;;0;0;-0.004
VIS;04.01.2025 04:00;-6;-8.5;-4.9;-5.8;-6.1;90.4;3.5;-7.3;947;;1022.2;;1478.5;2.1;112;0.6;2.2;7.6;2.1;7.6;0;;0;;2;;;;0;0;-0.003
VIS;04.01.2025 05:00;-5.2;-7.3;-4.3;-6.3;-6.4;81.2;3.4;-8;946.7;;1021.9;;1478.2;2.4;107;1.4;5;8.6;2.3;8.3;0;;0;;2;;;;0;0;0.001
VIS;04.01.2025 06:00;-5.8;-6.9;-4.6;-6.4;-6.4;80.8;3.2;-8.6;946.6;;1021.8;;1475.4;3.5;99;1.3;4.7;12.6;3.4;12.2;0;;0;;2;;;;0;0;0.001
VIS;04.01.2025 07:00;-6.8;-9.1;-4.9;-6.7;-6.9;83.5;3.1;-9.2;946.6;;1021.8;;1472.1;2.3;95;1.2;4.3;8.3;2.3;8.3;0;;0;;2;;;;0;0;0
VIS;04.01.2025 08:00;-6.4;-6.9;-5.4;-7;-7.1;77.7;3;-9.6;946.4;;1021.6;;1472.6;5.9;93;2.3;8.3;21.2;5.8;20.9;0;;0;;12;;;;9;0;0.014
VIS;04.01.2025 09:00;-5.6;-6.1;-5.1;-6.8;-7.1;72.9;3;-9.6;946.2;;1021.3;;1473.1;5.8;92;2.4;8.6;20.9;5.7;20.5;0;;0;;38;;;;35;0;0.026
VIS;04.01.2025 10:00;-4.8;-5.3;-4.4;-6.1;-6.3;70.6;3;-9.3;946.1;;1021.2;;1475.2;3.3;117;1.1;4;11.9;3.2;11.5;0;;0;;75;;;;70;0;0.032
VIS;04.01.2025 11:00;-5.3;-6.5;-4.4;-5.7;-5.8;75.2;3.1;-9;945.4;;1020.5;;1467.9;1.2;252;0.4;1.4;4.3;1.2;4.3;0;;0;;127;;;;122;0;0.04
VIS;04.01.2025 12:00;-4.2;-5.5;-3.4;-5.2;-5.4;71.8;3.2;-8.6;944.5;;1019.6;;1463.8;1.4;259;0.5;1.8;5;1.4;5;0;;0;;147;;;;135;0;0.048
VIS;04.01.2025 13:00;-3;-3.9;-2;-4.7;-4.9;68.3;3.4;-8;943.5;;1018.5;;1459.4;1.4;270;0.6;2.2;5;1.4;5;0;;0;;150;;;;137;0;0.051
VIS;04.01.2025 14:00;-2;-3.4;-1.2;-3.8;-4.2;66.7;3.5;-7.4;942.7;;1017.6;;1455.9;1.2;135;0.7;2.5;4.3;1.2;4.3;0;;0;;137;;;;133;0;0.046
VIS;04.01.2025 15:00;-1.6;-2.1;-0.9;-3.1;-3.2;67;3.6;-7;942.3;;1017.2;;1453.8;2.2;270;1.1;4;7.9;2.2;7.9;0;;0;;63;;;;59;0;0.029
VIS;04.01.2025 16:00;-2.1;-3.4;-1.6;-3.3;-3.3;70.7;3.7;-6.7;942.2;;1017.1;;1451.1;1.3;270;0.5;1.8;4.7;1.2;4.3;0;;0;;22;;;;19;0;0.001
VIS;04.01.2025 17:00;-1.8;-2.3;-0.9;-3.2;-3.3;72.7;3.9;-6;942.1;;1017;;1451.5;2.4;124;0.7;2.5;8.6;2.4;8.6;0;;0;;2;;;;0;0;0
VIS;04.01.2025 18:00;-1.6;-2.1;-1.3;-2.8;-3;76.4;4.1;-5.2;942.1;;1017;;1452.2;1.5;153;0.7;2.5;5.4;1.5;5.4;0;;0;;2;;;;0;0;-0.001
VIS;04.01.2025 19:00;0.1;-1.3;0.6;-2.2;-2.5;75.3;4.6;-3.7;942.4;;1017.3;;1459.7;4.8;82;1.7;6.1;17.3;4.8;17.3;0;;0;;2;;;;0;0;0.005
VIS;04.01.2025 20:00;-0.6;-0.9;0.2;-1.6;-1.8;88.7;5.2;-2.2;942.6;;1017.5;;1459.5;1.4;252;0.6;2.2;5;1.4;5;0;;0.6;;2;;;;0;0;-0.003
VIS;04.01.2025 21:00;0.2;0;0.6;-1.3;-1.4;93.9;5.8;-0.7;942.2;;1017.1;;1458.6;1.6;127;0.8;2.9;5.8;1.6;5.8;0;;0.9;;2;;;;0;0;-0.004
VIS;04.01.2025 22:00;0.4;0.3;0.7;-1;-1.1;93.6;5.9;-0.5;941.5;;1016.3;;1453.2;2.1;103;1;3.6;7.6;2.1;7.6;0;;0.8;;2;;;;0;0;-0.003
VIS;04.01.2025 23:00;0.9;0.5;1.2;-0.8;-0.8;91.8;6;-0.3;941;;1015.8;;1450.5;3.2;95;1.4;5;11.5;3.1;11.2;0;;0.9;;2;;;;0;0;-0.002
VIS;05.01.2025 00:00;1.2;1.1;1.4;-0.6;-0.6;90.2;6;-0.2;940.1;;1014.9;;1443.9;3.4;75;1.7;6.1;12.2;3.3;11.9;0;;0.4;;2;;;;0;0;-0.001
VIS;05.01.2025 01:00;0.8;0.6;1.1;-0.4;-0.5;93;6;-0.2;939.6;;1014.3;;1438.9;1.8;243;0.9;3.2;6.5;1.8;6.5;0;;0.8;;2;;;;0;0;-0.003
VIS;05.01.2025 02:00;0.9;0.6;1;-0.3;-0.3;93.7;6.1;0;939.8;;1014.5;;1440.6;3;265;1.2;4.3;10.8;2.9;10.4;0;;2;;2;;;;0;0;-0.003
VIS;05.01.2025 03:00;0.8;0.7;0.9;-0.2;-0.2;95;6.2;0.1;939.4;;1014.1;;1436.9;1.5;99;0.7;2.5;5.4;1.4;5;0;;1.5;;2;;;;0;0;-0.004
VIS;05.01.2025 04:00;1.4;1.1;1.5;-0.1;-0.2;93.2;6.3;0.4;938.7;;1013.4;;1432.9;2.8;82;1.4;5;10.1;2.7;9.7;0;;1.1;;2;;;;0;0;-0.002
VIS;05.01.2025 05:00;1.1;0.8;1.4;-0.1;-0.1;94;6.2;0.3;938.3;;1012.9;;1428.9;2.5;117;0.5;1.8;9;2.5;9;0;;0.5;;2;;;;0;0;-0.005
VIS;05.01.2025 06:00;1;0.6;1.4;-0.1;-0.1;95.4;6.3;0.3;938;;1012.6;;1425.8;1.7;135;0.5;1.8;6.1;1.6;5.8;0;;0.3;;2;;;;0;0;-0.005
VIS;05.01.2025 07:00;1.3;1;1.5;-0.1;-0.1;94.5;6.4;0.5;937.6;;1012.2;;1423.4;2;100;1.2;4.3;7.2;2;7.2;0;;0.1;;2;;;;0;0;-0.003
VIS;05.01.2025 08:00;1.6;1.4;1.9;-0.1;-0.1;93.4;6.4;0.6;937.4;;1012;;1422.4;2.2;112;1.1;4;7.9;2.1;7.6;0;;0;;8;;;;5;0;0.01
VIS;05.01.2025 09:00;2;1.6;2.5;-0.1;-0.1;91.8;6.5;0.8;937.2;;1011.8;;1421.8;2.9;114;1.4;5;10.4;2.8;10.1;0;;0;;46;;;;43;0;0.023
VIS;05.01.2025 10:00;2.5;2;2.8;-0.1;-0.1;91.4;6.7;1.3;937.2;;1011.8;;1423.2;2.3;99;1.2;4.3;8.3;2.3;8.3;0;;0;;107;;;;102;0;0.043
VIS;05.01.2025 11:00;3.3;2.5;4.2;0;-0.1;88.9;6.9;1.6;936.8;;1011.3;;1422;3.4;120;1.5;5.4;12.2;3.3;11.9;0;;0;;171;;;;161;0;0.066
VIS;05.01.2025 12:00;4.4;3.8;5;0;0;86.6;7.3;2.4;936;;1010.5;;1418.6;2.7;107;1.5;5.4;9.7;2.6;9.4;0;;0;;177;;;;169;0;0.073
VIS;05.01.2025 13:00;4.7;4;5.5;0;0;88.1;7.5;2.9;935.2;;1009.6;;1412.8;2.4;110;1.3;4.7;8.6;2.4;8.6;0;;0;;104;;;;101;0;0.051
VIS;05.01.2025 14:00;5;4.2;5.4;0;0;88.2;7.7;3.2;934.3;;1008.7;;1405.6;2.5;119;1.4;5;9;2.5;9;0;;0;;97;;;;94;0;0.046
VIS;05.01.2025 15:00;4.6;3.8;5.7;0;0;90.5;7.7;3.2;933.9;;1008.2;;1401;1.5;124;0.6;2.2;5.4;1.5;5.4;0;;0;;78;;;;76;0;0.029
VIS;05.01.2025 16:00;4.5;3.1;5.8;0;-0.1;90.9;7.7;3.2;933.6;;1007.9;;1398.3;2.7;131;1.2;4.3;9.7;2.6;9.4;0;;0;;18;;;;15;0;0.003
VIS;05.01.2025 17:00;5.3;4.7;6.2;-0.1;-0.1;85.6;7.7;3.1;933.3;;1007.6;;1397.8;2.6;166;0.7;2.5;9.4;2.6;9.4;0;;0;;4;;;;2;0;-0.003
VIS;05.01.2025 18:00;5.5;3.3;6.7;-0.1;-0.1;84.3;7.6;3;933.1;;1007.4;;1396.7;2.8;164;1;3.6;10.1;2.7;9.7;0;;0;;3;;;;1;0;-0.001
VIS;05.01.2025 19:00;4.9;3.3;6.2;-0.1;-0.1;84.6;7.3;2.5;932.9;;1007.2;;1393.9;3.1;171;1;3.6;11.2;3;10.8;0;;0;;3;;;;1;0;-0.001
VIS;05.01.2025 20:00;5.2;4;6.8;-0.1;-0.1;81.2;7.2;2.2;932.7;;1007;;1392.7;4.8;180;1;3.6;17.3;4.7;16.9;0;;0;;3;;;;1;0;0
VIS;05.01.2025 21:00;8.6;7.2;9.4;-0.1;-0.1;57.3;6.4;0.5;932.4;;1006.6;;1399.2;14.6;108;4.8;17.3;52.6;14.3;51.5;0;;0;;1;;;;0;0;0.036
VIS;05.01.2025 22:00;8.9;8.6;9.3;0;-0.1;50.3;5.7;-0.9;931.8;;1006;;1395;21;120;13;46.8;75.6;20.5;73.8;0;;0;;3;;;;1;0;0.06
VIS;05.01.2025 23:00;8.9;8.6;9.4;0;0;48.6;5.5;-1.4;931.6;;1005.8;;1393.6;22.2;116;15.2;54.7;79.9;21.9;78.8;0;;0;;3;;;;1;0;0.064
VIS;06.01.2025 00:00;8.4;8;8.9;0.2;0;48.4;5.4;-1.9;931.6;;1005.8;;1392.2;22.3;112;14.5;52.2;80.3;21.4;77;0;;0;;3;;;;1;0;0.063
VIS;06.01.2025 01:00;8.2;7.8;8.7;0.5;0.3;47.7;5.2;-2.2;931.3;;1005.5;;1389;22.5;112;14.8;53.3;81;22.1;79.6;0;;0;;3;;;;1;0;0.063
VIS;06.01.2025 02:00;8;7.6;8.4;2;0.8;48.8;5.2;-2.1;931.2;;1005.4;;1387.1;21.6;108;13.9;50;77.8;21.1;76;0;;0;;3;;;;1;0;0.06
VIS;06.01.2025 03:00;8.3;8.1;8.4;3.4;3;47.5;5.2;-2.3;931.1;;1005.3;;1387.4;21.2;109;14;50.4;76.3;21.1;76;0;;0;;3;;;;1;0;0.063
VIS;06.01.2025 04:00;8.3;8.1;8.6;3.9;3.7;47.3;5.2;-2.2;931.1;;1005.3;;1387.5;19;110;12.4;44.6;68.4;18.4;66.2;0;;0;;3;;;;1;0;0.062
VIS;06.01.2025 05:00;7.9;7.6;8.3;3.8;3.6;50;5.3;-1.8;930.6;;1004.8;;1382.5;17.7;111;11.9;42.8;63.7;17.2;61.9;0;;0;;3;;;;1;0;0.056
VIS;06.01.2025 06:00;8.1;7.6;8.6;3.9;3.7;49.3;5.3;-1.9;929.8;;1003.9;;1375.3;17;107;11.9;42.8;61.2;16.8;60.5;0;;0;;3;;;;1;0;0.058
VIS;06.01.2025 07:00;8.4;7.7;9.2;4.3;4;47.2;5.2;-2.2;929.7;;1003.8;;1375.3;17.2;105;11.2;40.3;61.9;16.3;58.7;0;;0;;3;;;;1;0;0.06
VIS;06.01.2025 08:00;7.9;7.4;8.8;4.2;4;49.6;5.3;-2;930.1;;1004.2;;1377.9;16.6;106;11.4;41;59.8;15.9;57.2;0;;0;;12;;;;10;0;0.147
VIS;06.01.2025 09:00;8.1;7.7;8.7;4.6;4.3;49.6;5.4;-1.8;929.9;;1004;;1376.1;17.7;108;11.8;42.5;63.7;17.1;61.6;0;;0;;54;;;;49;0;0.163
VIS;06.01.2025 10:00;8.7;8.1;9.2;5.5;4.8;47.2;5.3;-1.9;930;;1004.1;;1378.9;17.3;107;11.2;40.3;62.3;17;61.2;0;;0;;149;;;;144;0;0.188
VIS;06.01.2025 11:00;9.4;9;9.8;6.1;5.8;45.1;5.3;-1.9;929.8;;1003.9;;1379;17.9;102;11.2;40.3;64.4;17.4;62.6;0;;0;;117;;;;115;0;0.198
VIS;06.01.2025 12:00;9.4;9.1;9.8;6.7;6.6;45.8;5.4;-1.7;928.7;;1002.7;;1369.9;19;107;12.8;46.1;68.4;18.1;65.2;0;;0;;177;;;;172;0;0.218
VIS;06.01.2025 13:00;9.5;9.1;9.9;7;6.9;46.9;5.6;-1.3;928.1;;1002.1;;1364.6;19.5;107;12.8;46.1;70.2;18.7;67.3;10;;0;;131;;;;122;0;0.207
VIS;06.01.2025 14:00;10;9.7;10.3;7.6;7.4;45.6;5.6;-1.2;927.7;;1001.7;;1362;18.8;107;12.4;44.6;67.7;18;64.8;10;;0;;124;;;;117;0;0.208
VIS;06.01.2025 15:00;10;9.9;10.1;7.8;7.6;45.6;5.6;-1.2;927.8;;1001.8;;1363;17.5;105;10.9;39.2;63;16.6;59.8;0;;0;;95;;;;91;0;0.185
VIS;06.01.2025 16:00;9.6;9.1;9.9;7.4;7.1;46.1;5.5;-1.4;927.8;;1001.8;;1362.4;15.6;109;10.2;36.7;56.2;15.2;54.7;0;;0;;29;;;;27;0;0.065
VIS;06.01.2025 17:00;9.1;8.9;9.4;7.1;6.9;47.6;5.5;-1.4;927.8;;1001.8;;1361.2;15.9;110;9.9;35.6;57.2;15.7;56.5;0;;0;;4;;;;2;0;0.06
VIS;06.01.2025 18:00;9.1;8.8;9.3;7.2;7;47;5.4;-1.6;928.3;;1002.3;;1364.8;15.2;118;10.4;37.4;54.7;14.9;53.6;0;;0;;3;;;;1;0;0.062
VIS;06.01.2025 19:00;8.8;8.7;9;7;6.9;48.1;5.5;-1.5;928.5;;1002.5;;1366.5;15.2;112;9.3;33.5;54.7;15;54;0;;0;;3;;;;1;0;0.058
VIS;06.01.2025 20:00;9.1;8.8;9.3;7.2;7;47.5;5.5;-1.5;928.6;;1002.6;;1368.1;14.6;117;8.7;31.3;52.6;14.3;51.5;0;;0;;3;;;;1;0;0.058
VIS;06.01.2025 21:00;9;8.5;9.2;7.3;7.2;47.5;5.4;-1.6;929.1;;1003.1;;1371.6;14.1;122;7.3;26.3;50.8;13.7;49.3;0;;0;;3;;;;1;0;0.054
VIS;06.01.2025 22:00;6.6;5.5;7.3;4.8;3.1;64.2;6.3;0.3;930.2;;1004.3;;1375.1;9;261;3.5;12.6;32.4;8.6;31;0;;0;;5;;;;2;0;0.023
VIS;06.01.2025 23:00;6.6;5.9;7;4.6;3.3;68.8;6.7;1.3;931.1;;1005.3;;1383.1;10.4;266;4.5;16.2;37.4;10.3;37.1;0;;0;;3;;;;1;0;0.022
VIS;07.01.2025 00:00;5.7;5.3;6.4;4.6;4.1;85.3;7.9;3.4;932.1;;1006.3;;1388.7;9.2;253;4.6;16.6;33.1;8.9;32;0;;0.2;;4;;;;2;0;0.009
VIS;07.01.2025 01:00;5.2;5;5.4;3.9;3.7;92.4;8.2;4;932.6;;1006.9;;1391.8;6;249;2.5;9;21.6;6;21.6;0;;1.3;;3;;;;1;0;0
VIS;07.01.2025 02:00;4.6;4.3;4.9;3.3;3;90.9;7.7;3.3;932.8;;1007.1;;1391.7;3.6;225;1;3.6;13;3.5;12.6;0;;0.4;;3;;;;1;0;-0.003
VIS;07.01.2025 03:00;4.4;4;4.7;3.2;2.9;90.7;7.6;3;932.7;;1007;;1390.8;8;259;1.9;6.8;28.8;7.8;28.1;0;;0.1;;3;;;;1;0;0
VIS;07.01.2025 04:00;4.2;4.2;4.3;2.7;2.6;87.7;7.3;2.4;932.6;;1006.9;;1389.3;7.3;255;3.1;11.2;26.3;6.9;24.8;0;;0;;3;;;;1;0;0.004
VIS;07.01.2025 05:00;4.1;3.7;4.5;2.3;2;86.2;7.1;2;932.7;;1007;;1389.5;7.1;236;3.3;11.9;25.6;6.9;24.8;0;;0;;3;;;;1;0;0.005
VIS;07.01.2025 06:00;3.7;3.4;3.9;1.4;0.9;85.2;6.8;1.4;933;;1007.3;;1391.3;8.7;256;3.4;12.2;31.3;8.4;30.2;0;;0;;3;;;;1;0;0.006
VIS;07.01.2025 07:00;3.7;3.4;4.1;1.3;1.2;81.8;6.5;0.8;933.6;;1007.9;;1395.7;8.3;254;3.7;13.3;29.9;8.1;29.2;0;;0;;3;;;;1;0;0.009
VIS;07.01.2025 08:00;2.7;1.3;3.4;0.4;-0.3;86.2;6.4;0.6;934.3;;1008.7;;1399.1;5.7;243;1.5;5.4;20.5;5.5;19.8;0;;0;;15;;;;13;0;0.011
VIS;07.01.2025 09:00;2.8;1.9;3.3;0.3;-0.4;85.6;6.4;0.7;934.9;;1009.3;;1404.6;2.2;84;1.1;4;7.9;2.2;7.9;0;;0;;42;;;;38;0;0.026
VIS;07.01.2025 10:00;3.4;2.3;4.2;1.8;1.1;82.7;6.4;0.7;935.3;;1009.8;;1410;4.1;270;1.5;5.4;14.8;4;14.4;0;;0;;98;;;;92;0;0.047
VIS;07.01.2025 11:00;3.8;3.5;4.1;1.4;1.1;79;6.3;0.5;934.9;;1009.3;;1407.3;2.5;180;0.9;3.2;9;2.5;9;0;;0;;52;;;;49;0;0.038
VIS;07.01.2025 12:00;3.6;2.7;4.1;1;0.8;77.7;6.1;0.1;934.3;;1008.7;;1401.8;2.1;127;0.8;2.9;7.6;2;7.2;0;;0;;46;;;;44;0;0.036
VIS;07.01.2025 13:00;4.8;3.4;6.2;2;0.8;64.3;5.5;-1.5;933.5;;1007.8;;1398.3;10.3;273;6.1;22;37.1;10;36;0;;0;;46;;;;43;0;0.082
VIS;07.01.2025 14:00;6.9;6;7.6;3.9;3.2;45.3;4.5;-4.2;933.5;;1007.8;;1404.2;11.7;265;7.1;25.6;42.1;11.3;40.7;0;;0;;44;;;;41;0;0.134
VIS;07.01.2025 15:00;7.5;7.2;7.7;5.4;5.1;41.3;4.3;-4.8;934;;1008.4;;1410.3;14.3;253;7.8;28.1;51.5;14;50.4;0;;0;;45;;;;42;0;0.149
VIS;07.01.2025 16:00;7.4;6.9;7.6;5.2;5;40.3;4.1;-5.3;934.6;;1009;;1415.3;14.2;253;6.9;24.8;51.1;13.7;49.3;0;;0;;28;;;;25;0;0.057
VIS;07.01.2025 17:00;6.4;5.3;7.2;4;3;44;4.2;-5;935.2;;1009.6;;1417.6;9.8;269;4.5;16.2;35.3;9.4;33.8;0;;0;;5;;;;2;0;0.042
VIS;07.01.2025 18:00;5.7;4.9;6.2;3.2;2.9;47.3;4.3;-4.7;935.7;;1010.1;;1419.4;8.4;290;4.4;15.8;30.2;8.3;29.9;0;;0;;3;;;;1;0;0.037
VIS;07.01.2025 19:00;4.9;4.5;5.4;2.2;1.8;49.8;4.3;-4.7;935.8;;1010.3;;1418.6;7.4;267;3.6;13;26.6;7.2;25.9;0;;0;;3;;;;1;0;0.03
VIS;07.01.2025 20:00;4.2;3.2;5.2;1.4;0.5;53.7;4.4;-4.4;936.3;;1010.8;;1420.9;5.7;270;1.7;6.1;20.5;5.6;20.2;0;;0;;4;;;;2;0;0.015
VIS;07.01.2025 21:00;2.9;1.6;4.3;1.3;0.6;62.2;4.7;-3.7;936.8;;1011.3;;1421.2;2.6;108;1.4;5;9.4;2.5;9;0;;0;;3;;;;1;0;0.009
VIS;07.01.2025 22:00;2.5;1.6;3.4;0.8;0.6;68.6;5;-2.8;936.8;;1011.4;;1420.2;3;79;1.4;5;10.8;3;10.8;0;;0;;3;;;;1;0;0.006
VIS;07.01.2025 23:00;3.8;3.5;4;2;1.5;56.8;4.5;-4;936.5;;1011;;1421.2;5.4;84;2.1;7.6;19.4;5.3;19.1;0;;0;;3;;;;1;0;0.016
VIS;08.01.2025 00:00;3.5;2.3;4;2;1.8;59.4;4.6;-3.7;936.3;;1010.8;;1418.4;3.3;156;1.3;4.7;11.9;3.2;11.5;0;;0;;3;;;;1;0;0.009
VIS;08.01.2025 01:00;3.4;3.1;3.8;2;1.2;59.4;4.6;-3.8;936.1;;1010.6;;1416.6;2.9;117;1.1;4;10.4;2.9;10.4;0;;0;;3;;;;1;0;0.007
VIS;08.01.2025 02:00;3.5;3.2;4.1;1.5;1;59;4.6;-3.8;936;;1010.5;;1416.4;3.3;86;1.6;5.8;11.9;3.2;11.5;0;;0;;3;;;;1;0;0.012
VIS;08.01.2025 03:00;3.4;3.2;3.5;1.9;1.7;61.2;4.8;-3.3;935.9;;1010.4;;1415;2.5;96;1.1;4;9;2.5;9;0;;0;;3;;;;1;0;0.007
VIS;08.01.2025 04:00;3.8;3.1;4.1;2.4;1.7;58.9;4.7;-3.6;935.9;;1010.4;;1415.7;6.9;88;3.1;11.2;24.8;6.8;24.5;0;;0;;3;;;;1;0;0.021
VIS;08.01.2025 05:00;3.6;2.7;4.5;2.2;1.4;68.6;5.4;-1.7;936.7;;1011.2;;1422.2;4.4;90;1.9;6.8;15.8;4.3;15.5;0;;0.1;;4;;;;2;0;0.01
VIS;08.01.2025 06:00;2;1.5;2.5;0.7;0.3;88.2;6.2;0.3;937.4;;1012;;1423.9;3.9;99;2.5;9;14;3.9;14;0;;1.7;;3;;;;1;0;0.002
VIS;08.01.2025 07:00;1;0.8;1.4;0.1;0;94.2;6.2;0.2;937.9;;1012.5;;1424.8;2.9;95;1.3;4.7;10.4;2.9;10.4;0;;1.4;;2;;;;0;0;-0.003
VIS;08.01.2025 08:00;1.2;1;1.3;0;0;93.3;6.2;0.2;938.3;;1012.9;;1428.7;3.7;105;1.3;4.7;13.3;3.7;13.3;0;;1.2;;4;;;;1;0;0.013
VIS;08.01.2025 09:00;1.2;0.9;1.5;0.2;0.1;93.8;6.2;0.3;938.8;;1013.5;;1432.9;3;127;0.8;2.9;10.8;2.9;10.4;0;;1.8;;12;;;;10;0;0.017
VIS;08.01.2025 10:00;1.1;0.9;1.3;0.5;0.3;95.4;6.3;0.4;939.3;;1014;;1436.7;0.7;270;0.1;0.4;2.5;0.7;2.5;0;;1.6;;40;;;;38;0;0.025
VIS;08.01.2025 11:00;1.7;1.4;1.9;1.6;1.1;94.3;6.5;0.8;938.9;;1013.6;;1435.5;2;270;0.7;2.5;7.2;2;7.2;0;;0.3;;103;;;;102;0;0.044
VIS;08.01.2025 12:00;2.5;2;3.1;2.7;2.1;92.6;6.8;1.5;938.2;;1012.8;;1432;2.8;124;0.9;3.2;10.1;2.8;10.1;0;;0.4;;126;;;;124;0;0.053
VIS;08.01.2025 13:00;4;3.5;4.4;4;3.6;88.4;7.2;2.2;937.3;;1011.9;;1428.3;4.4;88;2.7;9.7;15.8;4.3;15.5;0;;0.1;;170;;;;165;0;0.067
VIS;08.01.2025 14:00;4.1;3.9;4.4;3.3;2.6;86.6;7.1;2.1;936.2;;1010.7;;1419.6;6;86;2.8;10.1;21.6;5.9;21.2;0;;0;;91;;;;84;0;0.046
VIS;08.01.2025 15:00;3.3;2.7;4;1.3;0.8;89.7;6.9;1.8;935.8;;1010.3;;1414;2;112;0.9;3.2;7.2;2;7.2;0;;0;;30;;;;28;0;0.023
VIS;08.01.2025 16:00;2.6;2.2;3.2;0.5;0.2;94.3;6.9;1.7;935.7;;1010.2;;1410.7;1.5;135;0.6;2.2;5.4;1.5;5.4;0;;0;;20;;;;18;0;0.003
VIS;08.01.2025 17:00;3.6;3;4.3;1.4;1;90.4;7.1;2.2;935.3;;1009.7;;1410.1;5.2;90;2.5;9;18.7;5.1;18.4;0;;0;;3;;;;1;0;0.001
VIS;08.01.2025 18:00;4.1;3.6;4.4;2;1.6;89.6;7.3;2.5;934.8;;1009.2;;1407.4;4.2;118;2.3;8.3;15.1;4.1;14.8;0;;0;;3;;;;1;0;0.001
VIS;08.01.2025 19:00;5.4;4.9;6;2.9;2.4;83.6;7.5;2.8;933.8;;1008.2;;1402.7;7.6;94;3.1;11.2;27.4;7.3;26.3;0;;0;;2;;;;1;0;0.007
VIS;08.01.2025 20:00;6.4;5.5;6.7;3.4;3.1;75.9;7.3;2.5;933;;1007.3;;1398.8;6.3;82;2.9;10.4;22.7;6.2;22.3;0;;0;;3;;;;1;0;0.012
VIS;08.01.2025 21:00;7;6;8.2;3.2;2.5;68.5;6.8;1.6;933;;1007.3;;1400.1;7.5;318;2.2;7.9;27;7.3;26.3;0;;0;;3;;;;1;0;0.013
VIS;08.01.2025 22:00;5.9;5.2;7.1;3;2.7;75.6;7;1.9;933.5;;1007.8;;1401.2;2.7;286;1.1;4;9.7;2.6;9.4;0;;0;;4;;;;2;0;0.003
VIS;08.01.2025 23:00;6.1;5.3;7.1;3.3;2.7;75.1;7.1;2;933.7;;1008;;1403.5;3.5;292;1.1;4;12.6;3.4;12.2;0;;0;;3;;;;1;0;0.003
VIS;09.01.2025 00:00;5.7;5.4;6.1;3.3;3;79.1;7.2;2.3;934.6;;1009;;1410.1;3.3;286;1;3.6;11.9;3.1;11.2;0;;0;;3;;;;1;0;0.001
VIS;09.01.2025 01:00;5;4.6;5.3;3.1;2.6;84.8;7.4;2.6;935;;1009.4;;1412;3.3;180;1.2;4.3;11.9;3.3;11.9;0;;0;;4;;;;2;0;0
VIS;09.01.2025 02:00;4;3.4;4.7;2.6;2.4;90.7;7.4;2.6;935.3;;1009.7;;1411.1;3;281;0.7;2.5;10.8;3;10.8;0;;0.3;;4;;;;2;0;-0.004
VIS;09.01.2025 03:00;4;3.5;4.7;2.5;2.3;92.5;7.5;2.9;934.9;;1009.3;;1407.9;3;90;1.5;5.4;10.8;2.9;10.4;0;;0;;2;;;;1;0;-0.002
VIS;09.01.2025 04:00;4.3;4;4.9;2.1;1.4;89.8;7.5;2.8;934.1;;1008.5;;1402.4;3.8;90;2;7.2;13.7;3.8;13.7;0;;0;;3;;;;1;0;0.001
VIS;09.01.2025 05:00;3.8;2.8;4.8;0.9;0.2;91;7.3;2.4;933.6;;1007.9;;1396;4.8;104;1.1;4;17.3;4.7;16.9;0;;0;;3;;;;1;0;-0.002
VIS;09.01.2025 06:00;2.6;1.4;3.3;0.3;-0.3;93.9;6.9;1.7;933.4;;1007.7;;1391.5;2.3;243;0.8;2.9;8.3;2.3;8.3;0;;0;;3;;;;1;0;-0.004
VIS;09.01.2025 07:00;3;2.7;3.3;1;0.5;93.1;7.1;2;933.7;;1008;;1395.4;3;281;1.1;4;10.8;3;10.8;0;;0;;3;;;;1;0;-0.003
VIS;09.01.2025 08:00;2.6;1.8;3.3;1.3;0.9;94;6.9;1.7;934.1;;1008.5;;1397.7;2.5;297;0.9;3.2;9;2.5;9;0;;0.3;;12;;;;10;0;0.008
VIS;09.01.2025 09:00;3.4;2.2;4.1;2.7;1.7;94.5;7.3;2.6;934.2;;1008.6;;1400.5;2.3;101;1.3;4.7;8.3;2.3;8.3;0;;0.1;;62;;;;60;0;0.026
VIS;09.01.2025 10:00;4.5;4;4.9;4.5;4;93;7.8;3.4;934.2;;1008.5;;1403.2;1.7;225;0.9;3.2;6.1;1.7;6.1;0;;0.3;;114;;;;112;0;0.048
VIS;09.01.2025 11:00;6.1;5.3;6.5;6.3;5.9;86.8;8.1;4;933.6;;1007.9;;1402.8;2.7;97;1;3.6;9.7;2.6;9.4;0;;0;;174;;;;170;0;0.076
VIS;09.01.2025 12:00;6.7;6.4;7;6.8;6.3;82.2;8.1;3.9;933.3;;1007.6;;1402.4;1.6;90;0.7;2.5;5.8;1.6;5.8;0;;0;;153;;;;149;0;0.074
VIS;09.01.2025 13:00;7.2;7;7.4;7.5;7.3;81.4;8.2;4.2;932.8;;1007.1;;1399.3;1.8;270;0.8;2.9;6.5;1.8;6.5;0;;0;;181;;;;175;0;0.083
VIS;09.01.2025 14:00;7.3;6.9;7.4;7.3;6.9;82.2;8.4;4.5;932.5;;1006.8;;1397.1;2.9;274;1.5;5.4;10.4;2.8;10.1;0;;0;;145;;;;139;0;0.067
VIS;09.01.2025 15:00;7;6.9;7;6.4;6.2;85;8.5;4.6;932.8;;1007.1;;1398.4;2.7;262;1.6;5.8;9.7;2.7;9.7;0;;0;;86;;;;81;0;0.04
VIS;09.01.2025 16:00;7;6.8;7.2;5.7;5.2;86.9;8.7;5;932.9;;1007.2;;1399.9;4;256;1.1;4;14.4;3.9;14;0;;0;;20;;;;18;0;0.01
VIS;09.01.2025 17:00;6.5;5.7;7.1;4.5;4.1;90;8.7;4.9;933;;1007.3;;1398.6;2.3;101;0.8;2.9;8.3;2.2;7.9;0;;0;;5;;;;2;0;-0.003
VIS;09.01.2025 18:00;4.9;4.1;5.6;3.2;2.8;94.9;8.3;4.2;933;;1007.3;;1394.3;1.6;270;0.5;1.8;5.8;1.5;5.4;0;;0.2;;4;;;;2;0;-0.005
VIS;09.01.2025 19:00;5.2;4.5;6.5;3.8;3.6;95;8.4;4.4;933.3;;1007.6;;1397.8;1.8;90;0.8;2.9;6.5;1.7;6.1;0;;0.1;;3;;;;1;0;-0.005
VIS;09.01.2025 20:00;6.6;5.2;7.8;4.9;3.9;88.5;8.6;4.8;933.9;;1008.3;;1407.3;14.2;292;3.6;13;51.1;13.4;48.2;0;;0.6;;3;;;;1;0;0.005
VIS;09.01.2025 21:00;7.4;7.2;7.9;5.5;5.1;74.9;7.7;3.3;935.2;;1009.6;;1420.2;16;273;10;36;57.6;15.3;55.1;0;;0;;3;;;;1;0;0.025
VIS;09.01.2025 22:00;6.8;6.4;7.5;5;4.6;71.3;7.1;2;936.6;;1011.2;;1431.1;16.6;267;7.4;26.6;59.8;16.1;58;0;;0;;3;;;;1;0;0.026
VIS;09.01.2025 23:00;6.6;6;7.1;4.7;4.4;63.4;6.2;0;937.3;;1011.9;;1436.4;13.6;269;6.4;23;49;13.1;47.2;0;;0;;3;;;;1;0;0.031
VIS;10.01.2025 00:00;6.4;5.9;6.9;4.9;4.5;51.9;5;-2.7;938.1;;1012.7;;1442.4;15;252;8.8;31.7;54;14.3;51.5;0;;0;;4;;;;2;0;0.046
VIS;10.01.2025 01:00;4.8;4;5.4;3.7;2.9;59.6;5.1;-2.5;938.9;;1013.6;;1444.8;14.9;279;8.1;29.2;53.6;14.8;53.3;0;;0;;4;;;;2;0;0.034
VIS;10.01.2025 02:00;3.4;2.9;3.7;2.5;2.2;66.4;5.2;-2.3;940;;1014.7;;1449.5;14.4;295;8.3;29.9;51.8;13.8;49.7;0;;0;;4;;;;2;0;0.026
VIS;10.01.2025 03:00;2.5;2.3;2.8;1.8;1.6;69.7;5.1;-2.5;940.5;;1015.3;;1451;15.1;293;9.6;34.6;54.4;14.8;53.3;0;;0;;3;;;;1;0;0.023
VIS;10.01.2025 04:00;2.2;2.1;2.4;1.5;1.4;71.3;5.1;-2.5;940.5;;1015.3;;1450.6;15.2;294;9.7;34.9;54.7;14.4;51.8;0;;0;;3;;;;1;0;0.021
VIS;10.01.2025 05:00;2.1;2;2.2;1.4;1.3;71.1;5.1;-2.6;940.5;;1015.3;;1450;17.2;290;10.4;37.4;61.9;17;61.2;0;;0;;3;;;;1;0;0.022
VIS;10.01.2025 06:00;2;1.9;2.1;1.3;1.3;70.7;5;-2.8;940.4;;1015.2;;1449.2;18.1;297;11.1;40;65.2;16.8;60.5;0;;0;;3;;;;1;0;0.022
VIS;10.01.2025 07:00;2.2;2;2.3;1.4;1.3;69.5;5;-2.8;940.8;;1015.6;;1452.6;17.5;300;10.4;37.4;63;16.8;60.5;0;;0;;3;;;;1;0;0.023
VIS;10.01.2025 08:00;2.3;2.2;2.4;1.7;1.6;68.4;4.9;-2.9;941.3;;1016.1;;1457.8;16.6;297;10.5;37.8;59.8;15.6;56.2;0;;0;;14;;;;12;0;0.067
VIS;10.01.2025 09:00;2.3;2.3;2.4;1.9;1.8;69.2;5;-2.7;941.5;;1016.3;;1459.3;16.4;298;10.2;36.7;59;16;57.6;0;;0;;41;;;;39;0;0.074
VIS;10.01.2025 10:00;2.4;2.3;2.5;2.1;2;70.2;5.1;-2.5;941.7;;1016.5;;1460.8;15.7;301;9.3;33.5;56.5;15.4;55.4;0;;0;;59;;;;57;0;0.074
VIS;10.01.2025 11:00;2.1;1.6;2.5;1.8;1.1;76.1;5.4;-1.7;942.1;;1017;;1463.3;13;295;6.5;23.4;46.8;12.8;46.1;0;;0;;43;;;;41;0;0.055
VIS;10.01.2025 12:00;1.4;1.2;1.6;0.5;0.3;86;5.8;-0.7;942.3;;1017.2;;1462.8;10.8;264;2.7;9.7;38.9;10.5;37.8;0;;0.1;;22;;;;20;0;0.029
VIS;10.01.2025 13:00;0.9;0.8;1;0;0;91.6;6;-0.3;942;;1016.9;;1459.2;5.1;109;3.2;11.5;18.4;5.1;18.4;0;;1.4;;16;;;;13;0;0.022
VIS;10.01.2025 14:00;0.7;0.5;0.8;0;0;92.5;6;-0.4;941.6;;1016.4;;1455;5.2;105;2.9;10.4;18.7;5.2;18.7;0;;1.6;;24;;;;22;0;0.022
VIS;10.01.2025 15:00;0.6;0.6;0.7;0;-0.1;93.9;6;-0.3;941.7;;1016.6;;1455.4;2.7;86;1.3;4.7;9.7;2.6;9.4;0;;1.4;;20;;;;18;0;0.018
VIS;10.01.2025 16:00;0.5;0.4;0.6;-0.1;-0.1;95.3;6;-0.2;941.9;;1016.8;;1456.4;1.2;53;0.5;1.8;4.3;1.2;4.3;0;;0.9;;8;;;;5;0;0.011
VIS;10.01.2025 17:00;0.2;0.1;0.3;-0.1;-0.1;96.7;6;-0.3;941.9;;1016.8;;1455.7;0.5;270;0.1;0.4;1.8;0.5;1.8;0;;1;;2;;;;0;0;-0.006
VIS;10.01.2025 18:00;0.1;0.1;0.3;-0.1;-0.2;97;6;-0.3;941.7;;1016.6;;1454.2;0.7;270;0.3;1.1;2.5;0.7;2.5;0;;1;;2;;;;0;0;-0.006
VIS;10.01.2025 19:00;0.3;0.1;0.5;-0.2;-0.3;96.7;6;-0.2;941.5;;1016.3;;1452.5;0.7;270;0.1;0.4;2.5;0.7;2.5;0;;0.5;;2;;;;0;0;-0.006
VIS;10.01.2025 20:00;0.2;0.1;0.3;-0.3;-0.3;95.9;6;-0.3;941.3;;1016.1;;1451.1;1.3;270;0.5;1.8;4.7;1.3;4.7;0;;0.9;;2;;;;0;0;-0.005
VIS;10.01.2025 21:00;0.5;0.4;0.6;-0.2;-0.3;94.2;6;-0.3;941.4;;1016.2;;1452.9;2.1;270;1.3;4.7;7.6;2.1;7.6;0;;1.7;;2;;;;0;0;-0.003
VIS;10.01.2025 22:00;0.3;0.1;0.4;-0.3;-0.3;95.8;6;-0.3;941.6;;1016.4;;1453.6;1;297;0.5;1.8;3.6;1;3.6;0;;0.5;;2;;;;0;0;-0.005
VIS;10.01.2025 23:00;0.2;0;0.5;-0.4;-0.4;96.4;6;-0.4;941.9;;1016.8;;1455.7;0.5;135;0.2;0.7;1.8;0.5;1.8;0;;0.6;;2;;;;0;0;-0.006
VIS;11.01.2025 00:00;0.3;0.1;0.5;-0.5;-0.5;96.4;6;-0.2;942;;1016.9;;1456.9;0.8;135;0.2;0.7;2.9;0.8;2.9;0;;1;;2;;;;0;0;-0.006
VIS;11.01.2025 01:00;0.7;0.4;1;-0.3;-0.4;94.3;6.1;-0.1;942.1;;1017;;1458.8;1.3;69;0.9;3.2;4.7;1.3;4.7;0;;0.7;;2;;;;0;0;-0.004
VIS;11.01.2025 02:00;0.7;0.5;0.8;-0.2;-0.2;94.3;6;-0.2;942.3;;1017.2;;1460.7;1.3;90;0.5;1.8;4.7;1.3;4.7;0;;0;;2;;;;0;0;-0.005
VIS;11.01.2025 03:00;0.5;0.4;0.8;-0.1;-0.2;95.2;6;-0.2;942.3;;1017.2;;1460.6;0.6;270;0.3;1.1;2.2;0.6;2.2;0;;0.2;;2;;;;0;0;-0.006
VIS;11.01.2025 04:00;0.4;0.3;0.6;-0.1;-0.1;96.4;6.1;-0.1;942.3;;1017.2;;1459.5;0.5;0;0;0;1.8;0.5;1.8;0;;1;;2;;;;0;0;-0.007
VIS;11.01.2025 05:00;0.4;0.3;0.5;-0.1;-0.1;96.7;6.1;-0.1;942.4;;1017.3;;1460.8;0.8;63;0.2;0.7;2.9;0.8;2.9;0;;1;;2;;;;0;0;-0.006
VIS;11.01.2025 06:00;0.3;0.2;0.4;-0.1;-0.1;96.8;6;-0.2;942.3;;1017.2;;1459.6;0.7;270;0.2;0.7;2.5;0.7;2.5;0;;0.9;;2;;;;0;0;-0.006
VIS;11.01.2025 07:00;0.5;0.3;0.6;-0.1;-0.1;96.1;6.1;-0.1;942.5;;1017.4;;1461.5;0.8;90;0.4;1.4;2.9;0.8;2.9;0;;1.2;;2;;;;0;0;-0.005
VIS;11.01.2025 08:00;0.6;0.4;0.7;-0.1;-0.1;95.4;6.1;-0.1;942.9;;1017.8;;1465.4;1.3;79;0.5;1.8;4.7;1.3;4.7;0;;1;;11;;;;9;0;0.008
VIS;11.01.2025 09:00;0.6;0.3;0.9;-0.1;-0.1;95.3;6.1;-0.1;943.4;;1018.4;;1469.3;1.8;56;0.6;2.2;6.5;1.8;6.5;0;;0.7;;37;;;;35;0;0.02
VIS;11.01.2025 10:00;0.4;0.3;0.6;0;0;97;6.1;0;943.4;;1018.4;;1469.4;0.8;270;0.3;1.1;2.9;0.8;2.9;0;;0.5;;112;;;;111;0;0.041
VIS;11.01.2025 11:00;0.5;0.4;0.7;0;0;96.2;6.1;0;943.5;;1018.5;;1470.6;0.6;225;0.2;0.7;2.2;0.6;2.2;0;;0.3;;107;;;;105;0;0.044
VIS;11.01.2025 12:00;0.6;0.5;0.8;0;0;95.5;6.1;0;943.3;;1018.3;;1469.2;1.3;279;0.6;2.2;4.7;1.3;4.7;0;;0.2;;72;;;;70;0;0.034
VIS;11.01.2025 13:00;0.8;0.6;1.1;0;0;94.8;6.1;0.1;943.2;;1018.1;;1468.5;1.4;108;0.6;2.2;5;1.4;5;0;;0.1;;49;;;;47;0;0.028
VIS;11.01.2025 14:00;1.1;0.9;1.3;-0.1;-0.1;93;6.2;0.1;943.5;;1018.5;;1472.2;1.8;82;0.8;2.9;6.5;1.7;6.1;0;;0;;22;;;;20;0;0.021
VIS;11.01.2025 15:00;1.4;1.1;1.8;-0.1;-0.1;91.5;6.2;0.2;944.2;;1019.2;;1478.7;1.3;56;0.6;2.2;4.7;1.2;4.3;0;;0;;20;;;;18;0;0.019
VIS;11.01.2025 16:00;1.2;1;1.4;-0.1;-0.1;93.4;6.2;0.3;944.9;;1020;;1484.1;1.7;256;0.9;3.2;6.1;1.6;5.8;0;;0;;8;;;;6;0;0.012
VIS;11.01.2025 17:00;1.7;1.5;2;-0.1;-0.1;88.5;6.1;0;945.5;;1020.6;;1491.1;5.2;277;1;3.6;18.7;5.1;18.4;0;;0;;3;;;;1;0;-0.002
VIS;11.01.2025 18:00;1.6;1.4;1.8;-0.1;-0.1;85;5.8;-0.6;946.2;;1021.3;;1496.1;7.3;278;3;10.8;26.3;7.1;25.6;0;;0;;3;;;;1;0;0.005
VIS;11.01.2025 19:00;1.6;1.4;1.8;-0.1;-0.1;81.5;5.6;-1.2;946.9;;1022.1;;1502.4;6.9;292;3.6;13;24.8;6.8;24.5;0;;0;;3;;;;1;0;0.008
VIS;11.01.2025 20:00;1.4;1.3;1.5;-0.1;-0.1;82.3;5.6;-1.3;947.6;;1022.8;;1507.1;6.4;276;3.3;11.9;23;6.3;22.7;0;;0;;3;;;;0;0;0.007
VIS;11.01.2025 21:00;1.3;1.1;1.5;-0.1;-0.1;81.2;5.5;-1.6;948.3;;1023.6;;1513;5.3;261;2.3;8.3;19.1;5.2;18.7;0;;0;;3;;;;1;0;0.005
VIS;11.01.2025 22:00;1.1;1;1.2;-0.1;-0.1;80.8;5.3;-1.9;948.6;;1023.9;;1514.1;6.1;254;2.6;9.4;22;6;21.6;0;;0;;3;;;;0;0;0.006
VIS;11.01.2025 23:00;0.8;0.7;0.9;-0.1;-0.1;79.9;5.2;-2.3;949;;1024.3;;1517.2;3.4;264;1;3.6;12.2;3.3;11.9;0;;0;;2;;;;0;0;0
VIS;12.01.2025 00:00;0.5;0.3;0.8;-0.1;-0.1;78.6;5;-2.8;949.6;;1025;;1521.1;3.7;270;1.8;6.5;13.3;3.6;13;0;;0;;2;;;;0;0;0.004
VIS;12.01.2025 01:00;0.2;0;0.3;-0.2;-0.2;80.3;5;-2.8;950;;1025.4;;1522.7;3;249;1.7;6.1;10.8;2.9;10.4;0;;0;;2;;;;0;0;0.003
VIS;12.01.2025 02:00;0.1;-0.1;0.3;-0.2;-0.3;78.2;4.8;-3.3;950.4;;1025.8;;1525.9;2.6;166;1;3.6;9.4;2.5;9;0;;0;;2;;;;0;0;0.001
VIS;12.01.2025 03:00;-0.2;-0.3;-0.2;-0.4;-0.6;69.7;4.2;-5.1;951.1;;1026.5;;1530.5;3.2;79;1.7;6.1;11.5;3.2;11.5;0;;0;;2;;;;0;0;0.007
VIS;12.01.2025 04:00;-0.4;-0.9;-0.1;-0.9;-1.1;68.2;4.1;-5.5;951.5;;1027;;1533.7;1.3;34;0.6;2.2;4.7;1.3;4.7;0;;0;;2;;;;0;0;0
VIS;12.01.2025 05:00;-0.8;-1;-0.5;-1.2;-1.2;79.4;4.6;-3.9;952;;1027.5;;1536.1;1.3;45;0.5;1.8;4.7;1.3;4.7;0;;0;;2;;;;0;0;-0.003
VIS;12.01.2025 06:00;-0.7;-1.1;-0.4;-1.4;-1.5;69.1;4;-5.7;952.4;;1027.9;;1539.7;2.8;90;0.8;2.9;10.1;2.8;10.1;0;;0;;2;;;;0;0;0.001
VIS;12.01.2025 07:00;-1.3;-1.6;-1.1;-1.7;-1.9;63;3.5;-7.4;952.9;;1028.5;;1542.2;4.7;112;2.8;10.1;16.9;4.6;16.6;0;;0;;2;;;;0;0;0.013
VIS;12.01.2025 08:00;-1.8;-2;-1.5;-2.2;-2.4;63.1;3.4;-7.9;953.8;;1029.4;;1547.4;4.1;98;2.3;8.3;14.8;4;14.4;0;;0;;16;;;;13;0;0.027
VIS;12.01.2025 09:00;-2.3;-2.4;-2.1;-2.4;-2.5;64.6;3.4;-8.1;954.6;;1030.3;;1552.1;4;99;2.5;9;14.4;3.9;14;0;;0;;63;;;;60;0;0.04
VIS;12.01.2025 10:00;-3;-3.3;-2.3;-3.3;-4;64.4;3.2;-8.8;955;;1030.7;;1553.3;5.1;97;3.3;11.9;18.4;5;18;0;;0;;77;;;;72;0;0.049
VIS;12.01.2025 11:00;-3.5;-3.8;-3;-5.4;-6.6;64.5;3.1;-9.2;955.1;;1030.8;;1552.4;4.1;97;2.4;8.6;14.8;4.1;14.8;0;;0;;68;;;;61;0;0.044
VIS;12.01.2025 12:00;-3.4;-4.5;-2.8;-7.8;-8.4;69;3.3;-8.3;954.9;;1030.6;;1550.7;2;127;0.9;3.2;7.2;2;7.2;0;;0;;63;;;;57;0;0.034
VIS;12.01.2025 13:00;-2.9;-3.5;-1.9;-9.3;-9.7;78.6;3.9;-6.1;954.3;;1030;;1548;1.1;243;0.4;1.4;4;1.1;4;0;;0;;54;;;;50;0;0.028
VIS;12.01.2025 14:00;-3.4;-4.9;-2.2;-9.7;-9.9;81.4;3.9;-6.2;954;;1029.6;;1543.8;1.4;162;0.6;2.2;5;1.4;5;0;;0;;46;;;;44;0;0.024
VIS;12.01.2025 15:00;-4.6;-6.8;-2.8;-10.6;-11.1;88.2;3.8;-6.3;954.1;;1029.8;;1540.6;1.5;207;0.4;1.4;5.4;1.5;5.4;0;;0;;35;;;;32;0;0.017
VIS;12.01.2025 16:00;-4.7;-5.8;-3.5;-11.3;-11.7;90.3;3.9;-6.1;954.7;;1030.4;;1544.7;1.1;243;0.4;1.4;4;1.1;4;0;;0;;16;;;;12;0;0.007
VIS;12.01.2025 17:00;-5.2;-6.8;-4.3;-11.9;-12.1;94.8;3.9;-5.9;955.2;;1030.9;;1547.4;1.2;135;0.4;1.4;4.3;1.2;4.3;0;;0;;3;;;;1;0;-0.004
VIS;12.01.2025 18:00;-6.2;-8.3;-3.3;-11.3;-12.1;94.1;3.6;-7;955.9;;1031.6;;1549;1.8;112;0.7;2.5;6.5;1.7;6.1;0;;0;;2;;;;0;0;-0.003
VIS;12.01.2025 19:00;-3.4;-3.6;-3.2;-8.8;-9.7;82.5;3.9;-6;956.4;;1032.2;;1563.3;3;98;1.6;5.8;10.8;2.9;10.4;0;;0;;2;;;;0;0;0.002
VIS;12.01.2025 20:00;-4;-4.7;-3.3;-8.4;-8.6;81.7;3.7;-6.7;956.9;;1032.7;;1565;3.2;109;1.9;6.8;11.5;3.2;11.5;0;;0;;2;;;;0;0;0.002
VIS;12.01.2025 21:00;-5.3;-6.8;-3.8;-10.1;-10.9;86.6;3.6;-7.2;957.4;;1033.2;;1564.2;2.3;96;1.1;4;8.3;2.3;8.3;0;;0;;2;;;;0;0;-0.001
VIS;12.01.2025 22:00;-5.6;-7.4;-4.1;-10.8;-11.1;83.4;3.4;-7.9;957.4;;1033.3;;1563.7;3.3;98;1.7;6.1;11.9;3.2;11.5;0;;0;;2;;;;0;0;0.001
VIS;12.01.2025 23:00;-6.2;-7.5;-5.3;-11.9;-12.3;87.3;3.4;-7.9;957.7;;1033.6;;1563.7;2.1;101;1.1;4;7.6;2.1;7.6;0;;0;;2;;;;0;0;-0.001
VIS;13.01.2025 00:00;-6.9;-8.1;-5.5;-13.1;-13.4;87.4;3.2;-8.6;957.4;;1033.3;;1558.7;2.2;90;1.2;4.3;7.9;2.2;7.9;0;;0;;2;;;;0;0;-0.001
VIS;13.01.2025 01:00;-7.8;-9.2;-6.3;-13.6;-13.8;89.5;3;-9.3;957;;1032.8;;1552.5;2.3;107;1.1;4;8.3;2.3;8.3;0;;0;;2;;;;0;0;-0.001
VIS;13.01.2025 02:00;-7.7;-10.6;-5.8;-13.7;-14.1;86.1;3;-9.6;956.7;;1032.5;;1550.2;3.1;98;1.7;6.1;11.2;3.1;11.2;0;;0;;1;;;;0;0;0.001
VIS;13.01.2025 03:00;-8.1;-10.2;-6.2;-13.4;-13.7;85.1;2.8;-10.2;956.6;;1032.4;;1548.4;3.6;77;1.1;4;13;3.5;12.6;0;;0;;2;;;;0;0;-0.001
VIS;13.01.2025 04:00;-8.8;-10.4;-6.6;-13.9;-13.9;89.1;2.8;-10.3;956.5;;1032.3;;1545.2;2.9;96;1.4;5;10.4;2.8;10.1;0;;0;;2;;;;1;0;-0.001
VIS;13.01.2025 05:00;-7.6;-10.6;-6.3;-12.5;-13.1;84.5;2.9;-9.8;956.4;;1032.2;;1548.1;3.6;113;1.6;5.8;13;3.5;12.6;0;;0;;1;;;;0;0;0.001
VIS;13.01.2025 06:00;-8.8;-10.9;-6.8;-13.3;-13.9;88.3;2.8;-10.5;956.4;;1032.2;;1543.6;1.9;281;0.7;2.5;6.8;1.8;6.5;0;;0;;2;;;;0;0;-0.002
VIS;13.01.2025 07:00;-9.2;-10.9;-7.6;-14.1;-14.5;91.3;2.8;-10.3;956.9;;1032.7;;1547.1;2.5;95;1.3;4.7;9;2.4;8.6;0;;0;;2;;;;0;0;-0.001
VIS;13.01.2025 08:00;-8.5;-9.6;-7.9;-14.4;-14.8;87.9;2.8;-10.2;957.3;;1033.1;;1551.9;3.2;96;1.3;4.7;11.5;3.1;11.2;0;;0;;10;;;;7;0;0.008
VIS;13.01.2025 09:00;-9.4;-11.6;-7.8;-13.2;-13.7;87.3;2.6;-11.1;957.3;;1033.1;;1549.3;3.2;99;1;3.6;11.5;3.2;11.5;0;;0;;27;;;;24;0;0.013
VIS;13.01.2025 10:00;-9.4;-11.2;-7.2;-13.9;-14.3;90.9;2.7;-10.6;957.1;;1032.9;;1547.4;1.4;135;0.6;2.2;5;1.3;4.7;0;;0;;35;;;;33;0;0.015
VIS;13.01.2025 11:00;-8.8;-10.8;-6.4;-14.2;-14.6;88.6;2.8;-10.4;956.3;;1032.1;;1543.4;2.1;124;0.9;3.2;7.6;2.1;7.6;0;;0;;39;;;;36;0;0.017
VIS;13.01.2025 12:00;-7.7;-9.6;-6.5;-13.4;-13.6;88.2;3;-9.4;955.7;;1031.4;;1542.2;1.4;207;0.4;1.4;5;1.4;5;0;;0;;40;;;;37;0;0.019
VIS;13.01.2025 13:00;-7;-9.5;-5.6;-13.3;-13.6;88.9;3.2;-8.6;955.5;;1031.2;;1542.8;1.6;252;0.8;2.9;5.8;1.6;5.8;0;;0;;38;;;;35;0;0.019
VIS;13.01.2025 14:00;-5.7;-8.8;-4.2;-12.7;-13.2;85;3.4;-7.9;955.7;;1031.4;;1549.3;1.2;124;0.8;2.9;4.3;1.2;4.3;0;;0;;35;;;;33;0;0.02
VIS;13.01.2025 15:00;-6.2;-7.9;-4.3;-12.8;-13.1;86.4;3.3;-8.1;956.1;;1031.9;;1551.2;2.3;90;0.9;3.2;8.3;2.2;7.9;0;;0;;29;;;;26;0;0.016
VIS;13.01.2025 16:00;-6.3;-11.1;-3.9;-12.4;-12.8;88.6;3.4;-7.9;956.8;;1032.6;;1555.8;1.7;98;0.7;2.5;6.1;1.6;5.8;0;;0;;22;;;;19;0;0.006
VIS;13.01.2025 17:00;-6.5;-8;-3.8;-12.5;-12.6;91.1;3.4;-7.8;957.3;;1033.2;;1559.4;1.3;252;0.7;2.5;4.7;1.2;4.3;0;;0;;3;;;;1;0;-0.002
VIS;13.01.2025 18:00;-6.8;-10.4;-5.7;-12.7;-12.9;93.4;3.4;-7.7;957.6;;1033.5;;1560.9;1.6;96;1;3.6;5.8;1.6;5.8;0;;0;;2;;;;0;0;-0.002
VIS;13.01.2025 19:00;-8;-9.6;-6.6;-13.4;-13.6;94.5;3.2;-8.8;957.7;;1033.6;;1557.5;1.6;117;0.6;2.2;5.8;1.6;5.8;0;;0;;2;;;;0;0;-0.003
VIS;13.01.2025 20:00;-9;-10.9;-6.6;-13.8;-14.4;96;3;-9.5;958.2;;1034.1;;1557.4;1.2;270;0.3;1.1;4.3;1.2;4.3;0;;0;;2;;;;0;0;-0.004
VIS;13.01.2025 21:00;-10.2;-13.1;-7.5;-14.4;-14.5;97;2.7;-10.6;958.4;;1034.3;;1554.8;1.1;90;0.4;1.4;4;1;3.6;0;;0;;2;;;;0;0;-0.003
VIS;13.01.2025 22:00;-9.8;-11.6;-8;-14.3;-14.4;95.3;2.8;-10.5;958.4;;1034.3;;1556.4;1.6;90;0.5;1.8;5.8;1.6;5.8;0;;0;;2;;;;0;0;-0.003
VIS;13.01.2025 23:00;-8.3;-9.8;-7;-13.7;-14.2;90.3;2.9;-9.6;958.4;;1034.3;;1561.9;3.9;95;2.2;7.9;14;3.8;13.7;0;;0;;2;;;;0;0;0
VIS;14.01.2025 00:00;-6.8;-8;-5.7;-12.3;-12.6;87.6;3.2;-8.5;958;;1033.9;;1564.1;2.7;94;1.6;5.8;9.7;2.7;9.7;0;;0;;2;;;;0;0;0
VIS;14.01.2025 01:00;-6.1;-6.5;-5.8;-12.1;-12.3;86.5;3.4;-7.9;957.6;;1033.4;;1563.1;2.7;99;1.3;4.7;9.7;2.6;9.4;0;;0;;2;;;;0;0;0
VIS;14.01.2025 02:00;-7.9;-10.8;-6.1;-12.8;-13;89.9;3;-9.3;957.1;;1032.9;;1552.5;2.3;90;1.1;4;8.3;2.2;7.9;0;;0;;2;;;;0;0;-0.001
VIS;14.01.2025 03:00;-8.1;-9.9;-6.3;-12.9;-13.3;90.4;3;-9.4;956.4;;1032.2;;1546.5;2.1;104;1;3.6;7.6;2.1;7.6;0;;0;;2;;;;0;0;-0.002
VIS;14.01.2025 04:00;-8.8;-10.1;-7.6;-13.2;-13.5;91.4;2.9;-9.9;956;;1031.8;;1540.9;2.6;288;0.9;3.2;9.4;2.5;9;0;;0;;2;;;;0;0;-0.002
VIS;14.01.2025 05:00;-9.4;-10.3;-7.7;-13.7;-13.9;95.9;2.9;-9.9;956.3;;1032.1;;1541;1.5;270;0.2;0.7;5.4;1.5;5.4;0;;0;;2;;;;0;0;-0.004
VIS;14.01.2025 06:00;-10.6;-13.1;-8.9;-13.8;-14;97.5;2.7;-11;956.5;;1032.3;;1538.5;2;101;0.8;2.9;7.2;2;7.2;0;;0;;2;;;;0;0;-0.003
VIS;14.01.2025 07:00;-9.4;-11.4;-7.3;-13.9;-14.1;96.6;2.9;-9.8;956.9;;1032.7;;1546;1.8;112;0.9;3.2;6.5;1.7;6.1;0;;0;;2;;;;0;0;-0.003
VIS;14.01.2025 08:00;-7.4;-9.5;-5.3;-12.8;-14;87.8;3.1;-9.1;956.7;;1032.5;;1551.6;3.8;115;1.6;5.8;13.7;3.7;13.3;0;;0;;11;;;;9;0;0.009
VIS;14.01.2025 09:00;-8.3;-9.6;-7.2;-12.1;-12.7;90.8;3;-9.5;956.9;;1032.7;;1549.8;1.7;252;0.7;2.5;6.1;1.7;6.1;0;;0;;26;;;;23;0;0.013
VIS;14.01.2025 10:00;-9.8;-11.9;-8.2;-12.7;-12.8;93.3;2.7;-10.7;956.7;;1032.5;;1542.7;2;261;0.9;3.2;7.2;2;7.2;0;;0;;34;;;;31;0;0.014
VIS;14.01.2025 11:00;-8.6;-13.6;-6.6;-12.7;-12.7;95.2;3;-9.3;955.9;;1031.7;;1540.6;1.1;252;0.4;1.4;4;1.1;4;0;;0;;37;;;;35;0;0.016
VIS;14.01.2025 12:00;-7.1;-8.6;-5;-12.5;-12.7;91.3;3.3;-8.3;955.1;;1030.8;;1539.8;1.3;261;0.7;2.5;4.7;1.3;4.7;0;;0;;39;;;;36;0;0.019
VIS;14.01.2025 13:00;-5.8;-6.8;-4.8;-11.8;-11.9;89.1;3.5;-7.3;954.1;;1029.8;;1536.5;1.7;259;0.6;2.2;6.1;1.6;5.8;0;;0;;37;;;;35;0;0.02
VIS;14.01.2025 14:00;-6;-9.5;-4.1;-11;-11.5;91.1;3.6;-7.2;953.5;;1029.1;;1530.4;1.8;180;0.6;2.2;6.5;1.8;6.5;0;;0;;34;;;;32;0;0.018
VIS;14.01.2025 15:00;-6.7;-9.3;-4.8;-11;-11.1;95.3;3.5;-7.3;953.3;;1028.9;;1526.6;1.4;225;0.4;1.4;5;1.4;5;0;;0;;27;;;;25;0;0.014
VIS;14.01.2025 16:00;-6.1;-8.2;-3.7;-11;-11.1;94.5;3.7;-6.9;953.4;;1029;;1529.2;1.8;288;0.6;2.2;6.5;1.7;6.1;0;;0;;15;;;;13;0;0.008
VIS;14.01.2025 17:00;-6.4;-10.3;-4.6;-11.5;-11.7;94.6;3.6;-7.2;953.9;;1029.6;;1532.8;1.7;270;0.6;2.2;6.1;1.6;5.8;0;;0;;4;;;;1;0;-0.003
VIS;14.01.2025 18:00;-7;-9.5;-4.6;-11.5;-11.6;94.8;3.4;-7.7;954.9;;1030.6;;1538.6;1.8;180;0.7;2.5;6.5;1.8;6.5;0;;0;;2;;;;0;0;-0.003
VIS;14.01.2025 19:00;-6.9;-9.4;-5.7;-11.9;-12;96.8;3.6;-7.3;955.5;;1031.2;;1543.5;1.3;72;0.6;2.2;4.7;1.3;4.7;0;;0;;2;;;;0;0;-0.003
VIS;14.01.2025 20:00;-8.3;-9.6;-6.1;-12.4;-12.6;95.2;3.1;-9;955.6;;1031.3;;1539.2;1.2;0;0.5;1.8;4.3;1.1;4;0;;0;;2;;;;0;0;-0.003
VIS;14.01.2025 21:00;-8.5;-10.8;-7.2;-12.6;-12.6;96.4;3.1;-8.9;955.7;;1031.4;;1539.9;1.1;90;0.5;1.8;4;1.1;4;0;;0;;2;;;;0;0;-0.003
VIS;14.01.2025 22:00;-9.4;-10.6;-8.2;-12.6;-12.7;95.3;2.9;-10;955.6;;1031.3;;1535.9;1.1;270;0.6;2.2;4;1.1;4;0;;0;;2;;;;0;0;-0.003
VIS;14.01.2025 23:00;-8.7;-10.4;-6.3;-12.5;-12.8;98.4;3.1;-8.9;955.6;;1031.3;;1538.1;1.7;83;0.8;2.9;6.1;1.6;5.8;0;;0;;2;;;;0;0;-0.003
VIS;15.01.2025 00:00;-8.6;-10.1;-6.6;-12.4;-12.7;93.1;3;-9.6;955.7;;1031.4;;1538.8;1.1;135;0.5;1.8;4;1.1;4;0;;0;;2;;;;0;0;-0.003
VIS;15.01.2025 01:00;-8.5;-9.4;-6.8;-12.5;-12.7;94.1;3.1;-9.2;955.1;;1030.8;;1535;1.8;99;0.7;2.5;6.5;1.8;6.5;0;;0;;2;;;;0;0;-0.003
VIS;15.01.2025 02:00;-8.4;-12.2;-6.1;-12.8;-12.9;93.7;3.1;-9.2;954.5;;1030.2;;1530.7;1.1;90;0.3;1.1;4;1.1;4;0;;0;;2;;;;0;0;-0.004
VIS;15.01.2025 03:00;-9.4;-10.3;-8.2;-12.6;-12.7;91.7;2.8;-10.5;954;;1029.6;;1522.7;1.5;270;0.8;2.9;5.4;1.5;5.4;0;;0;;2;;;;0;0;-0.002
VIS;15.01.2025 04:00;-9;-11.4;-6.3;-12.3;-12.7;90.7;2.9;-10.2;953.9;;1029.5;;1523.9;2.3;270;0.8;2.9;8.3;2.2;7.9;0;;0;;2;;;;0;0;-0.002
VIS;15.01.2025 05:00;-9.4;-11.3;-8.2;-12;-12.1;93.4;2.8;-10.3;953.7;;1029.3;;1520.7;1.5;45;0.5;1.8;5.4;1.5;5.4;0;;0;;2;;;;0;0;-0.003
VIS;15.01.2025 06:00;-8.6;-9.5;-7.8;-11.8;-11.9;92;2.9;-9.6;953.6;;1029.2;;1522.7;1.7;90;0.6;2.2;6.1;1.6;5.8;0;;0;;2;;;;0;0;-0.003
VIS;15.01.2025 07:00;-9.9;-11.6;-8.8;-11.8;-12;93.5;2.7;-10.8;953.7;;1029.3;;1518.6;1.8;270;0.7;2.5;6.5;1.8;6.5;0;;0;;2;;;;0;0;-0.002
VIS;15.01.2025 08:00;-9.5;-10.5;-7.9;-12.1;-12.2;95.7;2.9;-10.1;953.7;;1029.3;;1520.1;1.7;63;0.6;2.2;6.1;1.7;6.1;0;;0;;11;;;;8;0;0.006
VIS;15.01.2025 09:00;-9.3;-10.9;-7.2;-11.5;-12;89;2.7;-10.8;953.9;;1029.5;;1522.7;2.2;270;0.7;2.5;7.9;2.1;7.6;0;;0;;26;;;;23;0;0.013
VIS;15.01.2025 10:00;-7.9;-8.9;-6.6;-11;-11.1;90.7;3.1;-9.1;953.4;;1029;;1523.8;2.2;270;0.7;2.5;7.9;2.1;7.6;0;;0;;32;;;;30;0;0.016
VIS;15.01.2025 11:00;-7.9;-10.5;-5.7;-10.5;-10.7;89.4;3;-9.4;952.7;;1028.2;;1517.4;1.7;90;0.7;2.5;6.1;1.6;5.8;0;;0;;36;;;;34;0;0.017
VIS;15.01.2025 12:00;-5.4;-7;-3.9;-9.7;-9.9;85.9;3.5;-7.5;951.6;;1027.1;;1517.5;2.3;153;0.7;2.5;8.3;2.3;8.3;0;;0;;38;;;;35;0;0.021
VIS;15.01.2025 13:00;-5.2;-6.9;-3;-9.2;-9.3;90.4;3.8;-6.5;950.7;;1026.1;;1510.8;1.9;263;1;3.6;6.8;1.9;6.8;0;;0;;37;;;;34;0;0.02
VIS;15.01.2025 14:00;-4.2;-5.7;-2.1;-9;-9.1;87.5;3.9;-5.9;949.9;;1025.3;;1508;2.6;270;0.9;3.2;9.4;2.5;9;0;;0;;34;;;;32;0;0.021
VIS;15.01.2025 15:00;-3.6;-5.9;-1.5;-9.1;-9.3;85.6;4;-5.7;949.7;;1025.1;;1508.1;1.6;315;0.6;2.2;5.8;1.6;5.8;0;;0;;27;;;;24;0;0.018
VIS;15.01.2025 16:00;-4.3;-5.2;-3.2;-9.1;-9.5;87.9;3.9;-6.1;949.8;;1025.2;;1506.7;2.1;90;0.6;2.2;7.6;2;7.2;0;;0;;15;;;;12;0;0.01
VIS;15.01.2025 17:00;-6.8;-8.2;-4.6;-9.9;-10.4;92.6;3.4;-7.9;950.3;;1025.7;;1502.4;1.4;90;0.8;2.9;5;1.4;5;0;;0;;3;;;;1;0;-0.002
VIS;15.01.2025 18:00;-5.5;-7.8;-4;-10.4;-10.7;92.7;3.8;-6.5;950.8;;1026.2;;1511.1;1.9;103;1;3.6;6.8;1.9;6.8;0;;0;;2;;;;0;0;-0.002
VIS;15.01.2025 19:00;-6;-8;-3.9;-11.2;-11.5;92.5;3.6;-7.1;951.2;;1026.7;;1512.2;1.9;104;0.5;1.8;6.8;1.8;6.5;0;;0;;2;;;;0;0;-0.003
VIS;15.01.2025 20:00;-7.3;-9.5;-5.9;-11.3;-11.5;94.2;3.4;-8.1;951.6;;1027.1;;1510.9;1.6;180;0.6;2.2;5.8;1.6;5.8;0;;0;;2;;;;0;0;-0.003
VIS;15.01.2025 21:00;-7.4;-8.9;-5.5;-11.4;-11.6;94.5;3.3;-8.1;951.5;;1027;;1510.1;1.6;90;0.7;2.5;5.8;1.6;5.8;0;;0;;2;;;;0;0;-0.003
VIS;15.01.2025 22:00;-7.7;-8.8;-6.2;-11.3;-11.5;95.6;3.3;-8.2;951.6;;1027.1;;1509.6;1.5;90;0.4;1.4;5.4;1.5;5.4;0;;0;;2;;;;0;0;-0.004
VIS;15.01.2025 23:00;-7.8;-9.5;-6.4;-11.7;-11.8;93.3;3.2;-8.7;951.6;;1027.1;;1509.1;2;104;0.6;2.2;7.2;1.9;6.8;0;;0;;2;;;;0;0;-0.003
VIS;16.01.2025 00:00;-8.6;-9.9;-7;-11.9;-12.1;93.3;3;-9.5;951.5;;1027;;1505.4;1.4;0;0.5;1.8;5;1.4;5;0;;0;;2;;;;0;0;-0.003
VIS;16.01.2025 01:00;-8.9;-11.7;-6.9;-12.2;-12.4;93.8;2.9;-9.7;951.3;;1026.8;;1503.5;1.6;135;0.6;2.2;5.8;1.5;5.4;0;;0;;2;;;;0;0;-0.003
VIS;16.01.2025 02:00;-8.5;-9.8;-7.1;-12.2;-12.3;92.3;3;-9.5;951.3;;1026.8;;1504.5;2.8;63;0.8;2.9;10.1;2.7;9.7;0;;0;;2;;;;0;0;-0.002
VIS;16.01.2025 03:00;-8.8;-9.9;-7.3;-12;-12.4;93.4;2.9;-9.7;951.3;;1026.8;;1503.4;1.3;0;0.4;1.4;4.7;1.3;4.7;0;;0;;2;;;;0;0;-0.003
VIS;16.01.2025 04:00;-9.7;-10.9;-7.8;-12.8;-12.9;93.7;2.8;-10.6;951.5;;1027;;1502.1;1.9;90;0.4;1.4;6.8;1.9;6.8;0;;0;;2;;;;0;0;-0.003
VIS;16.01.2025 05:00;-10.9;-12;-9.3;-12.4;-12.6;94.4;2.5;-11.6;952;;1027.5;;1502.3;1;0;0.2;0.7;3.6;1;3.6;0;;0;;2;;;;0;0;-0.003
VIS;16.01.2025 06:00;-9.3;-9.6;-8.7;-12.2;-12.5;92.9;2.8;-10.2;952.5;;1028;;1511.7;1;117;0.4;1.4;3.6;1;3.6;0;;0;;2;;;;0;0;-0.003
VIS;16.01.2025 07:00;-8.8;-9.6;-7.8;-11.9;-12.1;89.4;2.8;-10.2;953.1;;1028.7;;1518;2.2;270;0.9;3.2;7.9;2.2;7.9;0;;0;;2;;;;0;0;-0.002
VIS;16.01.2025 08:00;-8.7;-10.3;-7.9;-12.1;-12.3;92.9;3;-9.6;954;;1029.7;;1525.7;1.1;0;0.3;1.1;4;1.1;4;0;;0;;12;;;;9;0;0.006
VIS;16.01.2025 09:00;-9.3;-10.9;-7.9;-12;-12.3;91.9;2.8;-10.4;954.6;;1030.3;;1527.6;1.3;243;0.6;2.2;4.7;1.3;4.7;0;;0;;26;;;;24;0;0.012
VIS;16.01.2025 10:00;-8.6;-9.8;-6.7;-11.7;-11.8;89.3;2.9;-10;955;;1030.7;;1533.5;1.4;270;0.6;2.2;5;1.4;5;0;;0;;33;;;;31;0;0.016
VIS;16.01.2025 11:00;-8.2;-10.5;-6.6;-11.3;-11.5;90;3;-9.5;955;;1030.7;;1535.4;1.3;252;0.5;1.8;4.7;1.2;4.3;0;;0;;37;;;;34;0;0.017
VIS;16.01.2025 12:00;-5.6;-8.8;-3.6;-10.3;-11.1;86.9;3.5;-7.5;955.2;;1030.9;;1545.3;3.3;263;1.7;6.1;11.9;3.2;11.5;0;;0;;38;;;;36;0;0.022
VIS;16.01.2025 13:00;-2.8;-3.6;-2;-8;-9.1;78;3.9;-6.1;955;;1030.7;;1553.9;5.3;257;2.8;10.1;19.1;5.2;18.7;0;;0;;38;;;;36;0;0.032
VIS;16.01.2025 14:00;-1.9;-2.7;-1.3;-6.9;-7;75.1;4;-5.7;954.9;;1030.6;;1556.1;4.3;273;2.1;7.6;15.5;4.2;15.1;0;;0;;36;;;;34;0;0.032
VIS;16.01.2025 15:00;-3.7;-5;-2;-7.9;-8.5;85.6;4;-5.8;954.8;;1030.5;;1549.3;1.2;135;0.5;1.8;4.3;1.1;4;0;;0;;29;;;;27;0;0.018
VIS;16.01.2025 16:00;-4.8;-6.7;-3;-9;-9.3;91.6;3.9;-6;955.5;;1031.3;;1551.2;2.3;135;0.7;2.5;8.3;2.3;8.3;0;;0;;16;;;;12;0;0.009
VIS;16.01.2025 17:00;-5.9;-6.7;-4.4;-9.6;-10.2;91.7;3.6;-7;956.1;;1031.9;;1551.8;1.4;90;0.9;3.2;5;1.4;5;0;;0;;3;;;;1;0;-0.002
VIS;16.01.2025 18:00;-6.1;-7.2;-4.7;-10.4;-10.6;93.8;3.7;-6.9;956.7;;1032.5;;1556.3;1.5;146;0.5;1.8;5.4;1.4;5;0;;0;;2;;;;0;0;-0.004
VIS;16.01.2025 19:00;-7;-9.3;-4.8;-10.9;-11;94.9;3.5;-7.7;957.3;;1033.1;;1557.5;1.4;101;0.6;2.2;5;1.3;4.7;0;;0;;2;;;;0;0;-0.003
VIS;16.01.2025 20:00;-7.4;-9.1;-4.2;-11;-11.3;93.4;3.3;-8.3;957.5;;1033.3;;1557.4;1.6;72;0.6;2.2;5.8;1.5;5.4;0;;0;;2;;;;0;0;-0.003
VIS;16.01.2025 21:00;-8.3;-10.1;-5.6;-11.4;-11.5;95;3.2;-8.9;957.2;;1033.1;;1552.7;1.3;297;0.3;1.1;4.7;1.3;4.7;0;;0;;2;;;;0;0;-0.004
VIS;16.01.2025 22:00;-8.1;-9.3;-7.1;-11.7;-11.8;94.4;3.1;-8.9;957.3;;1033.1;;1553.3;1.9;90;0.8;2.9;6.8;1.9;6.8;0;;0;;2;;;;0;0;-0.003
VIS;16.01.2025 23:00;-7.9;-9.6;-6.8;-11.6;-11.7;92.7;3.1;-8.9;957.4;;1033.2;;1554.8;2.8;90;1;3.6;10.1;2.7;9.7;0;;0;;2;;;;0;0;-0.002
VIS;17.01.2025 00:00;-6.5;-8;-5.1;-11.1;-11.5;93.3;3.5;-7.5;957.7;;1033.6;;1562.4;3.2;278;1.1;4;11.5;3.1;11.2;0;;0;;2;;;;0;0;-0.002
VIS;17.01.2025 01:00;-7.7;-9.5;-5.9;-11.1;-11.2;95.1;3.3;-8.4;957.8;;1033.7;;1559;2.3;95;1.3;4.7;8.3;2.3;8.3;0;;0;;2;;;;0;0;-0.002
VIS;17.01.2025 02:00;-7.6;-9.8;-5.9;-11.6;-11.7;91.5;3.2;-8.8;957.7;;1033.6;;1558.7;2.1;270;0.8;2.9;7.6;2.1;7.6;0;;0;;2;;;;0;0;-0.002
VIS;17.01.2025 03:00;-8;-8.8;-7.6;-11.6;-11.7;93.4;3.1;-8.9;958;;1033.9;;1559.3;2.5;270;1.1;4;9;2.5;9;0;;0;;2;;;;0;0;-0.002
VIS;17.01.2025 04:00;-7.7;-10.1;-6.2;-11.7;-11.8;94.4;3.3;-8.5;958.1;;1034;;1561;2.3;99;1.2;4.3;8.3;2.2;7.9;0;;0;;2;;;;0;0;-0.002
VIS;17.01.2025 05:00;-9.7;-12.7;-7.2;-11.8;-12.1;96.1;2.9;-10.2;958;;1033.9;;1553.4;1.9;117;0.6;2.2;6.8;1.8;6.5;0;;0;;2;;;;0;0;-0.003
VIS;17.01.2025 06:00;-10.1;-12.4;-8.2;-12.5;-12.6;95.9;2.7;-10.6;958.1;;1034;;1553.2;1.1;315;0.2;0.7;4;1.1;4;0;;0;;2;;;;0;0;-0.004
VIS;17.01.2025 07:00;-10.1;-12;-8.5;-12.9;-13.1;95.2;2.7;-10.7;958.4;;1034.3;;1555.2;1.1;270;0.2;0.7;4;1.1;4;0;;0;;2;;;;0;0;-0.004
VIS;17.01.2025 08:00;-9.8;-12.2;-7.4;-13.2;-13.3;93.3;2.7;-10.7;958.5;;1034.4;;1556.7;1.6;180;0.7;2.5;5.8;1.6;5.8;0;;0;;12;;;;9;0;0.006
VIS;17.01.2025 09:00;-9.3;-10.6;-7.8;-12.5;-12.8;93.6;2.8;-10.2;958.2;;1034.1;;1556.4;1.3;270;0.3;1.1;4.7;1.3;4.7;0;;0;;25;;;;23;0;0.012
VIS;17.01.2025 10:00;-8.1;-10.1;-7;-12.1;-12.3;93.4;3.1;-8.9;957.7;;1033.6;;1557.3;1;117;0.4;1.4;3.6;1;3.6;0;;0;;32;;;;30;0;0.015
VIS;17.01.2025 11:00;-7.4;-9.4;-6;-11.8;-12.1;91.5;3.3;-8.5;957;;1032.8;;1554;2.1;263;0.9;3.2;7.6;2.1;7.6;0;;0;;36;;;;33;0;0.018
VIS;17.01.2025 12:00;-6.2;-8.8;-4;-10.8;-11.3;91.1;3.5;-7.4;955.8;;1031.5;;1548.4;1.7;252;0.7;2.5;6.1;1.7;6.1;0;;0;;37;;;;35;0;0.019
VIS;17.01.2025 13:00;-5.5;-8.3;-3.9;-10.4;-10.5;93;3.8;-6.5;955;;1030.7;;1544;0.9;243;0.3;1.1;3.2;0.9;3.2;0;;0;;36;;;;34;0;0.019
VIS;17.01.2025 14:00;-4.4;-7.7;-2.1;-10.1;-10.2;89.8;4;-5.9;955;;1030.7;;1548.1;1.2;236;0.5;1.8;4.3;1.2;4.3;0;;0;;34;;;;32;0;0.02
VIS;17.01.2025 15:00;-4.9;-5.6;-3.6;-10.2;-10.2;89.6;3.8;-6.3;955.3;;1031;;1549.3;1.6;76;0.6;2.2;5.8;1.6;5.8;0;;0;;27;;;;25;0;0.016
VIS;17.01.2025 16:00;-6.5;-7.8;-5.3;-10.3;-10.4;94.3;3.6;-7.3;955.4;;1031.1;;1544.3;2.1;270;0.7;2.5;7.6;2.1;7.6;0;;0;;16;;;;13;0;0.008
VIS;17.01.2025 17:00;-6.1;-8.6;-4.3;-10.8;-10.9;95.7;3.7;-6.7;955.7;;1031.4;;1547.8;1.2;315;0.5;1.8;4.3;1.2;4.3;0;;0;;4;;;;1;0;-0.003
VIS;17.01.2025 18:00;-5.5;-8.8;-3.4;-10.9;-11;91.5;3.7;-6.7;955.8;;1031.6;;1550.9;3;94;1.4;5;10.8;3;10.8;0;;0;;2;;;;0;0;-0.001
VIS;17.01.2025 19:00;-5.9;-8.6;-3;-10.1;-10.3;92.1;3.6;-7;955.6;;1031.3;;1547.9;1.8;121;0.8;2.9;6.5;1.7;6.1;0;;0;;2;;;;0;0;-0.003
VIS;17.01.2025 20:00;-7.4;-11;-4.4;-11;-11.3;94.9;3.3;-8.1;955.4;;1031.1;;1541.2;1.7;99;0.7;2.5;6.1;1.7;6.1;0;;0;;2;;;;0;0;-0.003
VIS;17.01.2025 21:00;-8.3;-11.2;-6;-11.6;-11.8;94.7;3.1;-9;955.1;;1030.8;;1535.4;1.5;90;0.5;1.8;5.4;1.5;5.4;0;;0;;2;;;;0;0;-0.003
VIS;17.01.2025 22:00;-8.5;-10.4;-6;-11.6;-11.8;93.2;3;-9.5;954.7;;1030.4;;1531.3;2.1;76;0.7;2.5;7.6;2.1;7.6;0;;0;;2;;;;0;0;-0.003
VIS;17.01.2025 23:00;-8.3;-10.4;-7.3;-12.1;-12.2;93.4;3;-9.2;954.5;;1030.2;;1530.4;2.3;90;1;3.6;8.3;2.3;8.3;0;;0;;2;;;;0;0;-0.002
VIS;18.01.2025 00:00;-8.5;-11.1;-6.6;-11.6;-11.8;93;3;-9.4;954.4;;1030.1;;1529.5;2.8;236;0.9;3.2;10.1;2.8;10.1;0;;0;;2;;;;0;0;-0.002
VIS;18.01.2025 01:00;-8.1;-9.6;-6.5;-12;-12.4;92.3;3.1;-9.1;954.2;;1029.9;;1529.2;2.3;288;0.7;2.5;8.3;2.3;8.3;0;;0;;2;;;;0;0;-0.003
VIS;18.01.2025 02:00;-9.6;-13;-6.8;-12.4;-12.6;92.2;2.8;-10.6;953.7;;1029.3;;1520.1;4;276;1.3;4.7;14.4;3.9;14;0;;0;;2;;;;0;0;-0.001
VIS;18.01.2025 03:00;-8.6;-10.9;-5.9;-11.8;-12.2;89.1;2.9;-10.1;953.3;;1028.9;;1519.9;4.5;276;1.5;5.4;16.2;4.4;15.8;0;;0;;2;;;;0;0;0
VIS;18.01.2025 04:00;-1.2;-8.4;3.3;-9.4;-11.3;59.9;3.1;-8.8;952.4;;1028;;1538.6;12.8;81;4;14.4;46.1;12.5;45;0;;0;;2;;;;0;0;0.016
VIS;18.01.2025 05:00;4.8;3.3;5.4;-3.1;-4.6;36;3.1;-9.1;951.8;;1027.3;;1553.2;15.7;103;10.6;38.2;56.5;15.5;55.8;0;;0;;2;;;;0;0;0.059
VIS;18.01.2025 06:00;4.8;3.9;6.4;-1.5;-1.8;37.1;3.2;-8.7;952;;1027.5;;1555.5;16;98;8.6;31;57.6;15.9;57.2;0;;0;;4;;;;2;0;0.055
VIS;18.01.2025 07:00;4.6;4.3;4.8;-1.1;-1.2;39.4;3.3;-8;952.5;;1028;;1558.7;12.3;72;7.2;25.9;44.3;11.9;42.8;0;;0;;3;;;;1;0;0.049
VIS;18.01.2025 08:00;4.6;0.5;5.6;-1.1;-1.2;40.7;3.4;-7.8;952.9;;1028.5;;1561.9;12;68;5.6;20.2;43.2;11.3;40.7;0;;0;;18;;;;15;0;0.099
VIS;18.01.2025 09:00;4.7;3.6;6;-1.9;-2.1;42.8;3.6;-7;953;;1028.6;;1563.2;6.8;119;2.9;10.4;24.5;6.4;23;0;;0;;32;;;;29;0;0.076
VIS;18.01.2025 10:00;2.3;-1.4;5.6;-2.2;-2.9;52.9;3.8;-6.5;952.9;;1028.5;;1554.1;6.2;180;1.9;6.8;22.3;6.1;22;0;;0;;38;;;;36;0;0.053
VIS;18.01.2025 11:00;0.3;-1.2;1.3;-3.6;-4;61.1;3.8;-6.4;952.7;;1028.2;;1545.3;4.6;270;2.2;7.9;16.6;4.6;16.6;0;;0;;40;;;;38;0;0.047
VIS;18.01.2025 12:00;1.1;-1.1;3.1;-4.5;-4.7;66.6;4.4;-4.6;951.3;;1026.7;;1536.6;2.3;262;0.9;3.2;8.3;2.3;8.3;0;;0;;39;;;;37;0;0.035
VIS;18.01.2025 13:00;3;2.1;3.6;-4.5;-4.7;59;4.5;-4.3;950.3;;1025.7;;1534.6;4.3;274;1.6;5.8;15.5;4.3;15.5;0;;0;;38;;;;36;0;0.048
VIS;18.01.2025 14:00;2.8;0.8;4.1;-4.5;-4.5;57.9;4.3;-4.7;949.4;;1024.7;;1526.7;3.1;263;1.1;4;11.2;3.1;11.2;0;;0;;35;;;;33;0;0.041
VIS;18.01.2025 15:00;3.3;2.1;3.8;-3.6;-4.5;55.6;4.3;-4.8;949.1;;1024.4;;1525.7;7.7;273;3.7;13.3;27.7;7.5;27;0;;0;;29;;;;27;0;0.067
VIS;18.01.2025 16:00;1.2;0.6;2;-3;-3.9;65.7;4.4;-4.5;949.7;;1025.1;;1524.3;6.2;274;2.7;9.7;22.3;6;21.6;0;;0;;17;;;;15;0;0.037
VIS;18.01.2025 17:00;-0.3;-1.5;1.2;-5.5;-6.5;74.1;4.4;-4.3;950.2;;1025.6;;1523.1;2.1;281;0.7;2.5;7.6;2.1;7.6;0;;0;;5;;;;2;0;0
VIS;18.01.2025 18:00;-2.5;-4.4;-1.4;-7;-7.5;83.7;4.2;-4.9;950.4;;1025.8;;1517.6;3.1;276;1.1;4;11.2;3.1;11.2;0;;0;;2;;;;0;0;0
VIS;18.01.2025 19:00;-2.5;-5.5;-1.2;-8;-8.3;85.7;4.4;-4.6;950.1;;1025.5;;1515.1;1.4;360;0.4;1.4;5;1.3;4.7;0;;0;;2;;;;1;0;-0.004
VIS;18.01.2025 20:00;-4.4;-5.6;-2.5;-8.5;-8.5;91.8;4.1;-5.5;949.6;;1024.9;;1504.5;2.1;276;1;3.6;7.6;2.1;7.6;0;;0;;2;;;;0;0;-0.002
VIS;18.01.2025 21:00;-3.4;-5.1;-2.3;-8.5;-8.6;88;4.2;-5.1;949.2;;1024.5;;1504.5;2.7;275;1.3;4.7;9.7;2.7;9.7;0;;0;;2;;;;0;0;-0.001
VIS;18.01.2025 22:00;-3.1;-3.8;-2.3;-8.1;-8.6;89.6;4.4;-4.6;949;;1024.3;;1504.2;3.4;282;1.6;5.8;12.2;3.4;12.2;0;;0;;2;;;;0;0;0
VIS;18.01.2025 23:00;-3.7;-6.2;-2.8;-7.6;-7.8;90.4;4.2;-5.1;948.8;;1024.1;;1500.7;3.2;117;1;3.6;11.5;3.2;11.5;0;;0;;2;;;;0;0;-0.002
VIS;19.01.2025 00:00;-4.9;-6;-4.4;-8;-8.1;92.4;3.9;-6;948.4;;1023.7;;1493.2;3;279;1.1;4;10.8;3;10.8;0;;0;;2;;;;0;0;-0.002
VIS;19.01.2025 01:00;-5;-6.3;-3.5;-8.3;-8.4;92.9;3.9;-6;948;;1023.3;;1489.4;2.7;270;1.1;4;9.7;2.6;9.4;0;;0;;2;;;;0;0;-0.002
VIS;19.01.2025 02:00;-5.1;-6.4;-3.6;-8.4;-8.5;93.2;3.9;-6.1;947.5;;1022.7;;1485.4;1.8;153;0.9;3.2;6.5;1.8;6.5;0;;0;;2;;;;0;0;-0.003
VIS;19.01.2025 03:00;-5.9;-6.7;-4;-8.7;-8.9;94.3;3.7;-6.6;947.1;;1022.3;;1479.4;2.1;270;0.8;2.9;7.6;2.1;7.6;0;;0;;2;;;;0;0;-0.003
VIS;19.01.2025 04:00;-4.7;-5.6;-4;-7.5;-8.1;90.5;3.9;-6.1;946.8;;1022;;1481;3.3;280;1.2;4.3;11.9;3.2;11.5;0;;0;;2;;;;0;0;-0.001
VIS;19.01.2025 05:00;-3.6;-4.4;-3.3;-5.7;-6.7;89.6;4.2;-5.1;946.3;;1021.5;;1480.3;3.1;263;1.2;4.3;11.2;3;10.8;0;;0;;2;;;;0;0;-0.001
VIS;19.01.2025 06:00;5.7;-0.9;7.5;-2.7;-4.3;52.5;4.7;-3.6;945.8;;1020.9;;1506.3;10.7;94;5.8;20.9;38.5;10.6;38.2;0;;0;;1;;;;0;0;0.037
VIS;19.01.2025 07:00;7.2;6.4;7.8;-0.3;-0.7;48.4;4.9;-3;945.5;;1020.6;;1508.3;11.7;102;7.3;26.3;42.1;11.6;41.8;0;;0;;3;;;;1;0;0.049
VIS;19.01.2025 08:00;7.3;6.7;7.8;-0.1;-0.1;49.9;5.1;-2.4;945.5;;1020.6;;1509;11.4;97;6.6;23.8;41;11.3;40.7;0;;0;;13;;;;11;0;0.109
VIS;19.01.2025 09:00;2.1;0.4;7.7;0.1;0;69.6;4.9;-3;946;;1021.1;;1496;10.5;284;3.2;11.5;37.8;10.2;36.7;0;;0;;67;;;;62;0;0.05
VIS;19.01.2025 10:00;5.6;0.7;8.1;0.5;0.2;59.6;5.4;-1.8;945.8;;1020.9;;1505.5;10.8;113;5;18;38.9;10.3;37.1;0;;0;;122;;;;117;0;0.1
VIS;19.01.2025 11:00;7.9;7.5;8.6;1.9;0.6;52.8;5.6;-1.1;945.2;;1020.3;;1508.3;11.1;106;7.4;26.6;40;10.8;38.9;0;;0;;150;;;;146;0;0.15
VIS;19.01.2025 12:00;8.2;7.7;8.9;3.9;2.7;52.5;5.7;-1;944.9;;1020;;1506.2;10.8;110;8;28.8;38.9;10.6;38.2;0;;0;;187;;;;175;0;0.166
VIS;19.01.2025 13:00;8.8;8;9.2;5.3;5.2;52.6;5.9;-0.4;944.3;;1019.3;;1503.3;14;108;8.6;31;50.4;13.7;49.3;0;;0;;142;;;;130;0;0.162
VIS;19.01.2025 14:00;8.5;8;9.2;5.5;5.2;54.2;6;-0.3;943.7;;1018.7;;1496.7;14.2;114;8;28.8;51.1;13.8;49.7;0;;0;;115;;;;106;0;0.145
VIS;19.01.2025 15:00;9.4;9.1;9.9;6.2;5.8;46.7;5.5;-1.4;943;;1017.9;;1493.8;13.5;116;8.7;31.3;48.6;13.2;47.5;10;;0;;79;;;;73;0;0.163
VIS;19.01.2025 16:00;8.7;8.3;9.4;5.8;5.5;50.4;5.7;-1;942.9;;1017.8;;1490.6;12.8;113;8.8;31.7;46.1;12.6;45.4;0;;0;;50;;;;46;0;0.131
VIS;19.01.2025 17:00;8.8;8.3;9;6.2;5.9;49.5;5.6;-1.2;943.3;;1018.3;;1494.4;11.8;122;8.3;29.9;42.5;11.6;41.8;0;;0;;5;;;;3;0;0.054
VIS;19.01.2025 18:00;8.3;7.9;8.9;6.1;5.5;52.2;5.7;-0.9;943.8;;1018.8;;1497.6;10.8;124;6.8;24.5;38.9;10.7;38.5;0;;0;;3;;;;1;0;0.046
VIS;19.01.2025 19:00;8.5;8.2;8.9;6.5;6.2;52.9;5.9;-0.6;944;;1019;;1499.7;12.9;127;7.3;26.3;46.4;12.6;45.4;0;;0;;3;;;;1;0;0.048
VIS;19.01.2025 20:00;7.5;7.1;8;5.6;4.9;61.3;6.3;0.5;944.5;;1019.5;;1500.9;12.8;118;8.1;29.2;46.1;12.3;44.3;0;;0;;4;;;;2;0;0.038
VIS;19.01.2025 21:00;6.9;6.4;7.2;5.1;4.8;66.8;6.6;1.2;944.9;;1020;;1502.6;14.5;121;8.9;32;52.2;14.1;50.8;0;;0;;3;;;;1;0;0.032
VIS;19.01.2025 22:00;7.3;6.9;7.9;5.7;5.1;63;6.4;0.8;945.6;;1020.7;;1509.2;13.8;132;7.9;28.4;49.7;13.2;47.5;0;;0;;3;;;;1;0;0.035
VIS;19.01.2025 23:00;6.3;6;6.6;4.6;4.2;67.4;6.4;0.7;945.8;;1020.9;;1508;13.7;119;8.4;30.2;49.3;13.4;48.2;0;;0;;3;;;;1;0;0.03
VIS;20.01.2025 00:00;6.2;5.4;6.5;4.6;4.2;64.3;6.1;-0.1;945.7;;1020.8;;1506.3;12.1;113;7.3;26.3;43.6;11.8;42.5;0;;0;;3;;;;1;0;0.031
VIS;20.01.2025 01:00;5.4;5.2;5.7;3.6;3.4;65;5.9;-0.6;945.3;;1020.4;;1500.6;8.5;75;5.2;18.7;30.6;8.3;29.9;0;;0;;3;;;;1;0;0.026
VIS;20.01.2025 02:00;5.9;5.4;6.3;3.9;3.7;59.5;5.5;-1.4;944.9;;1020;;1498.9;8.4;77;4.6;16.6;30.2;8.2;29.5;0;;0;;3;;;;1;0;0.029
VIS;20.01.2025 03:00;5.9;5.6;6.3;3.9;3.6;58.9;5.4;-1.6;944.6;;1019.6;;1496.4;8.7;79;4.9;17.6;31.3;8.4;30.2;0;;0;;3;;;;1;0;0.03
VIS;20.01.2025 04:00;6.9;5.8;7.6;5;4.1;52.6;5.2;-2.1;944.4;;1019.4;;1498;11;103;6.7;24.1;39.6;10.7;38.5;0;;0;;2;;;;1;0;0.042
VIS;20.01.2025 05:00;6.1;5.4;7.1;3.9;3.6;55.7;5.2;-2.1;944.4;;1019.4;;1495.7;8.7;91;4.2;15.1;31.3;8.1;29.2;0;;0;;4;;;;2;0;0.031
VIS;20.01.2025 06:00;5.4;4.7;5.9;2.9;2.3;57.4;5.1;-2.4;944.2;;1019.2;;1491.7;8;80;4.6;16.6;28.8;7.7;27.7;0;;0;;4;;;;2;0;0.03
VIS;20.01.2025 07:00;4.6;3.2;5.3;2.4;1.4;59.6;5.1;-2.6;944.4;;1019.4;;1491;8;71;3.9;14;28.8;7.9;28.4;0;;0;;4;;;;2;0;0.025
VIS;20.01.2025 08:00;3;2;4.4;0.6;0.3;67.7;5.1;-2.5;944.8;;1019.9;;1488.8;3.9;153;1.4;5;14;3.7;13.3;0;;0;;17;;;;15;0;0.024
VIS;20.01.2025 09:00;5.6;5;6.4;3.5;2.6;54.5;5;-2.8;944.7;;1019.8;;1496.8;7.5;71;4.8;17.3;27;7.3;26.3;0;;0;;57;;;;51;0;0.09
VIS;20.01.2025 10:00;6.4;6;7.1;4.5;4.3;51.2;4.9;-3;944.8;;1019.8;;1499.6;8;74;4.5;16.2;28.8;7.8;28.1;0;;0;;61;;;;55;0;0.1
VIS;20.01.2025 11:00;7;6.7;7.5;5.4;5.1;49.3;4.9;-2.9;944.5;;1019.5;;1499.3;9.4;81;3.8;13.7;33.8;8.9;32;0;;0;;95;;;;89;0;0.108
VIS;20.01.2025 12:00;9.1;8.9;9.3;7.7;6.4;45.6;5.3;-2;943.8;;1018.8;;1499.9;11.5;117;7.4;26.6;41.4;11.2;40.3;60;;0;;124;;;;116;0;0.171
VIS;20.01.2025 13:00;9.6;9;9.8;8.4;8;46.3;5.5;-1.4;942.9;;1017.8;;1493.7;12;119;7.7;27.7;43.2;11.7;42.1;60;;0;;155;;;;143;0;0.181
VIS;20.01.2025 14:00;9.9;9.5;10.2;8.7;8.4;45.1;5.5;-1.4;942.3;;1017.2;;1489.4;12;112;7.2;25.9;43.2;11.4;41;60;;0;;149;;;;137;0;0.177
VIS;20.01.2025 15:00;9.9;9.8;10.1;8.6;8.3;45;5.5;-1.5;942;;1016.9;;1487.3;11.2;115;7.2;25.9;40.3;10.6;38.2;60;;0;;110;;;;105;0;0.161
VIS;20.01.2025 16:00;9.5;8.7;9.9;7.8;7.3;46.6;5.5;-1.4;942.1;;1017;;1486.5;10.3;108;6.2;22.3;37.1;10.1;36.4;50;;0;;38;;;;36;0;0.12
VIS;20.01.2025 17:00;8.6;8.1;8.9;6.5;6.1;48.4;5.4;-1.7;942.1;;1017;;1483.5;9.2;111;6.1;22;33.1;8.9;32;0;;0;;7;;;;5;0;0.05
VIS;20.01.2025 18:00;7.8;7.1;8.6;6;5.5;51.6;5.5;-1.6;942.2;;1017.1;;1482.2;9.7;100;5.5;19.8;34.9;9.3;33.5;10;;0;;3;;;;1;0;0.043
VIS;20.01.2025 19:00;7.8;7.2;8.3;5.7;5.3;51.5;5.4;-1.6;942.3;;1017.2;;1482.8;10.6;100;5.4;19.4;38.2;9.9;35.6;10;;0;;3;;;;1;0;0.042
VIS;20.01.2025 20:00;7.7;7.3;8.1;6;5.6;53;5.6;-1.3;942.4;;1017.3;;1483.1;12.7;107;6.6;23.8;45.7;12.6;45.4;0;;0;;3;;;;1;0;0.044
VIS;20.01.2025 21:00;6.4;5.8;7.4;4.6;3.9;55.7;5.4;-1.8;942.5;;1017.4;;1480;9.5;90;5.2;18.7;34.2;9.3;33.5;0;;0;;4;;;;2;0;0.035
VIS;20.01.2025 22:00;6.4;6;6.8;4;3.5;55.4;5.4;-1.8;942.7;;1017.6;;1482;9;74;4.7;16.9;32.4;8.6;31;0;;0;;3;;;;1;0;0.034
VIS;20.01.2025 23:00;2;0.4;6;0.9;-1.1;79.6;5.6;-1.3;943;;1017.9;;1470.5;6.2;297;3.1;11.2;22.3;6;21.6;0;;0;;3;;;;2;0;0.008
VIS;21.01.2025 00:00;0.2;-0.1;0.5;-1.8;-2.1;89.5;5.6;-1.4;942.9;;1017.8;;1464.3;4.8;276;2;7.2;17.3;4.7;16.9;0;;0;;2;;;;0;0;0
VIS;21.01.2025 01:00;-0.3;-0.9;0;-2.6;-3.4;91.7;5.5;-1.5;942.9;;1017.8;;1462.6;2.9;281;1.2;4.3;10.4;2.8;10.1;0;;0;;2;;;;0;0;-0.002
VIS;21.01.2025 02:00;-1.1;-1.6;-0.2;-3.7;-4.1;92.6;5.2;-2.1;942.7;;1017.6;;1458.8;1.1;270;0.3;1.1;4;1.1;4;0;;0;;2;;;;0;0;-0.005
VIS;21.01.2025 03:00;-1.6;-3.2;-1.1;-4;-4.3;94.4;5.1;-2.4;942.8;;1017.7;;1458.1;0.8;135;0.3;1.1;2.9;0.8;2.9;0;;0;;2;;;;0;0;-0.005
VIS;21.01.2025 04:00;-0.8;-1.4;-0.2;-2.4;-3.6;92.8;5.4;-1.8;942.6;;1017.5;;1458.5;1.6;99;0.9;3.2;5.8;1.6;5.8;0;;0;;2;;;;0;0;-0.003
VIS;21.01.2025 05:00;-1.3;-1.6;-1;-3.3;-3.7;92;5.1;-2.4;942.7;;1017.6;;1457.7;2.9;266;1.5;5.4;10.4;2.9;10.4;0;;0;;2;;;;0;0;-0.001
VIS;21.01.2025 06:00;-1.9;-2.9;-1.2;-4.3;-4.9;94.1;5;-2.8;942.7;;1017.6;;1455.9;1.6;76;0.6;2.2;5.8;1.6;5.8;0;;0;;2;;;;0;0;-0.004
VIS;21.01.2025 07:00;-2.1;-2.6;-1.5;-5;-5.3;95;5;-2.8;942.9;;1017.8;;1456.8;0.9;252;0.3;1.1;3.2;0.9;3.2;0;;0;;2;;;;0;0;-0.005
VIS;21.01.2025 08:00;-2.3;-3.1;-1.7;-5.1;-5.5;94.9;4.9;-3;943.1;;1018.1;;1458.4;1.1;243;0.3;1.1;4;1.1;4;0;;0;;14;;;;11;0;0.009
VIS;21.01.2025 09:00;-1.9;-2.4;-1.2;-4.1;-5.1;94;5;-2.8;943.1;;1018;;1459.1;1.4;135;0.7;2.5;5;1.4;5;0;;0;;26;;;;24;0;0.017
VIS;21.01.2025 10:00;-1.5;-2;-0.7;-3.3;-3.7;92.4;5.1;-2.6;943.1;;1018;;1460.5;1.3;270;0.7;2.5;4.7;1.3;4.7;0;;0;;32;;;;30;0;0.021
VIS;21.01.2025 11:00;-0.3;-1.1;0.9;-2.2;-2.6;86.6;5.2;-2.2;943;;1017.9;;1463.7;2.1;254;1.1;4;7.6;2;7.2;0;;0;;43;;;;36;7;0.028
VIS;21.01.2025 12:00;0.9;0.1;1.5;-1.8;-2;79.9;5.2;-2.2;942;;1016.9;;1458.7;1;162;0.7;2.5;3.6;1;3.6;0;;0;;42;;;;36;4;0.031
VIS;21.01.2025 13:00;2.6;1.1;4.2;-1.1;-1.8;71.5;5.3;-2.1;941.2;;1016;;1457.2;1.2;233;0.7;2.5;4.3;1.2;4.3;0;;0;;36;;;;34;0;0.034
VIS;21.01.2025 14:00;3.1;2;4;-0.5;-1.3;70.8;5.4;-1.8;940.3;;1015;;1450.9;1.8;135;0.7;2.5;6.5;1.8;6.5;0;;0;;34;;;;32;0;0.033
VIS;21.01.2025 15:00;3.1;1.9;4.6;-0.8;-1.7;71.1;5.4;-1.7;939.7;;1014.4;;1445.8;1.6;135;0.7;2.5;5.8;1.5;5.4;0;;0;;29;;;;27;0;0.029
VIS;21.01.2025 16:00;1.6;-0.3;2.7;-1.9;-2.3;74;5.1;-2.6;940;;1014.8;;1444.6;3.2;278;1.6;5.8;11.5;3.1;11.2;0;;0;;18;;;;15;0;0.025
VIS;21.01.2025 17:00;0.8;-0.9;2.3;-3.2;-3.6;74.2;4.8;-3.4;940.6;;1015.4;;1447.1;2.4;117;1.4;5;8.6;2.4;8.6;0;;0;;5;;;;3;0;0.004
VIS;21.01.2025 18:00;0.2;-0.5;2.1;-3.6;-4.8;79.4;4.9;-3;941;;1015.8;;1448;2.2;90;0.6;2.2;7.9;2.2;7.9;0;;0;;2;;;;0;0;-0.002
VIS;21.01.2025 19:00;-1.4;-2.4;0.3;-4.6;-5.2;86.1;4.8;-3.4;941;;1015.8;;1443.2;1.3;270;0.5;1.8;4.7;1.2;4.3;0;;0;;2;;;;0;0;-0.003
